"Index","Level 1 Page","Level 2 Page","Level 3 Page","Level 4 Page","Level 5 Page","Mega Menu?","Drupal Content Type","Gather Content Template","Comments","Desktop Wireframes","Current URL","New URL","Page Format","Content Group","View Mode"
"Home",,,,,,"yes","Landing page",,,"http://aved.number41media.com/Wireframes/design-refresh/Beta2022/#id=btzjir&p=home_-_approved&g=1","https://www.workbc.ca/","/front",,,
,,,,,,,,,,,,,,,
,"Search and Prepare for a Job",,,,,"yes","Landing page",,,"http://aved.number41media.com/Wireframes/design-refresh/Beta2022/#id=a8iqb9&p=l1_-_search___prepare_for_a_job_-_approved&g=1","https://www.workbc.ca/Jobs-Careers.aspx",,,,
,,"Find Jobs",,,,"yes","Basic page",,"This is just a link from the Search & Prepare Page that will point to the job board",,"https://www.workbc.ca/Jobs-Careers/Find-Jobs/Jobs.aspx,https://www.workbc.ca/Jobs-Careers/Find-Jobs.aspx,https://www.workbc.ca/jobs",,,,"jobboard"
,,,"Job Search Tips",,,"No","Basic page",,"This is a hidden page that is only available via a link from the job board ","http://aved.number41media.com/Wireframes/design-refresh/Beta2022/#id=btpimx&p=l3_-_resume___cover_letter&g=1","https://www.workbc.ca/Jobs-Careers/Find-Jobs/Job-Board-Search-Tips.aspx,https://www.workbc.ca/Jobs-Careers/Find-Jobs/Job-Search-Tips-for-Mobile.aspx",,"sidenav",,
,,"Job Application Tips",,,,"yes","Landing page",,,"http://aved.number41media.com/Wireframes/design-refresh/Beta2022/#id=i4a5yw&p=l2_-_job_application_tips_-_approved&g=1","https://www.workbc.ca/Jobs-Careers/Find-Jobs/Job-application-tips.aspx,https://www.workbc.ca/jobsearch",,,,
,,,"Resume and Cover Letter",,,"yes","Basic page",,,"http://aved.number41media.com/Wireframes/design-refresh/Beta2022/#id=btpimx&p=l3_-_resume___cover_letter&g=1 ","New Page",,"sidenav",,
,,,"Interviews",,,"yes","Basic page",,,"http://aved.number41media.com/Wireframes/design-refresh/Beta2022/#id=btpimx&p=l3_-_resume___cover_letter&g=1 ","New Page",,"sidenav",,
,,,"Networking",,,"yes","Basic page",,,"http://aved.number41media.com/Wireframes/design-refresh/Beta2022/#id=btpimx&p=l3_-_resume___cover_letter&g=1 ","New Page",,,,
,,,"Social Media",,,"yes","Basic page",,,"http://aved.number41media.com/Wireframes/design-refresh/Beta2022/#id=btpimx&p=l3_-_resume___cover_letter&g=1 ","New Page",,,,
,,,"Know Your Rights as a Job Applicant",,,"yes","Basic page",,,"http://aved.number41media.com/Wireframes/design-refresh/Beta2022/#id=btpimx&p=l3_-_resume___cover_letter&g=1 ","https://www.workbc.ca/Jobs-Careers/Find-Jobs/Your-Rights-as-a-Job-Applicant.aspx",,"sidenav",,
,,"Industry Job Boards",,,,"yes","Basic page",,,"http://aved.number41media.com/Wireframes/design-refresh/Beta2022/#id=btpimx&p=l3_-_resume___cover_letter&g=1","https://www.workbc.ca/Jobs-Careers/Find-Jobs/View-B-C-Industry-Job-Boards.aspx",,"sidenav",,
,,"Work in British Columbia",,,,"yes","Landing page",,,"http://aved.number41media.com/Wireframes/design-refresh/Beta2022/#id=dst01w&p=l2_-_bc_industries___sectors_-_approved&g=1","https://www.workbc.ca/Jobs-Careers/Work-in-B-C.aspx,https://www.workbc.ca/workinbc",,,,
,,,"Why You Should Come Work in B.C.",,,"yes","Basic page",,,"http://aved.number41media.com/Wireframes/design-refresh/Beta2022/#id=btpimx&p=l3_-_resume___cover_letter&g=1","https://www.workbc.ca/Jobs-Careers/Work-in-B-C/Learn-why-you-should-come-to-work-in-B-C.aspx,https://www.workbc.ca/comehome",,,,
,,,"Get Started on Your Career in B.C.",,,"yes","Basic page",,,"http://aved.number41media.com/Wireframes/design-refresh/Beta2022/#id=btpimx&p=l3_-_resume___cover_letter&g=1","https://www.workbc.ca/Jobs-Careers/Work-in-B-C/Get-started-on-your-career-in-B-C.aspx,https://www.workbc.ca/getstarted",,"sidenav",,
,,"WorkBC Job Board Advantage",,,,"yes","Basic page",,,"http://aved.number41media.com/Wireframes/design-refresh/Beta2022/#id=arhea3&p=l4_-_apprenticeship_training_in_bc&g=1","https://www.workbc.ca/Jobs-Careers/Find-Jobs/Discover-the-WorkBC-Job-Board-advantage.aspx",,,,
,,,,,,,,,,,,,,,
,"Plan a Career",,,,,"yes","Landing page",,,"http://aved.number41media.com/Wireframes/design-refresh/Beta2022/#id=w4d6eh&p=l1_-_plan_a_career_-_approved&g=1","New Page",,,,
,,"Explore Careers",,,,"yes","Landing page",,,"http://aved.number41media.com/Wireframes/design-refresh/Beta2022/#id=b71pkq&p=l2_-_explore_careers_-_approved&g=1","https://www.workbc.ca/Jobs-Careers/Explore-Careers.aspx,https://www.workbc.ca/careerprofiles,https://www.workbc.ca/careers",,,,
,,,"A-Z Profile Search",,,"yes","View of Career Profile",,,"http://aved.number41media.com/Wireframes/design-refresh/Beta2022/#id=o7vmii&p=l3_-_profiles_a-z_-_approved&g=1","https://www.workbc.ca/Jobs-Careers/Explore-Careers/Career-Profile-Search-A.aspx","/plan-career/explore-careers/career-search",,,
,,,,"Career Profile",,,"Career Profile",,"One example of 500 Career Pages needed","http://aved.number41media.com/Wireframes/design-refresh/Beta2022/#id=igtdif&p=career_profile_-_approved&g=1","https://www.workbc.ca/Jobs-Careers/Explore-Careers/Browse-Career-Profile/7251",,,,
,,,"Search Results",,,,"Custom page generated by search module",,"There is a search box in the Explore Careers page, this is the results from that search","http://aved.number41media.com/Wireframes/design-refresh/Beta2022/#id=s5vw6o&p=search_results_-_wip&g=1 ","https://www.workbc.ca/Jobs-Careers/Explore-Careers/Career-Profile-Search-Results ","/search-career-profiles",,,
,,,"Career Search Tool",,,"yes","Link",,"This is just a link from the Explore Careers Page ",,"https://www.workbc.ca/careersearchtool/","https://www.workbc.ca/careersearchtool/",,,
,,,"Career Transition Tool",,,"yes","Link",,"This is just a link from the Explore Careers Page",,"https://www.workbc.ca/careertransitiontool/","https://www.workbc.ca/careertransitiontool/",,,
,,,"Career Discovery Quizzes",,,"yes","Link",,"This is just a link from the Explore Careers Page",,"https://www.workbc.ca/careercompass","https://www.workbc.ca/careercompass",,,
,,,"Career Trek Videos",,,"yes","Link",,"This is just a link from the Explore Careers Page",,"https://www.careertrekbc.ca/","https://www.careertrekbc.ca/",,,
,,,"Cost of Living Calculator",,,"yes","Link",,"This is just a link from the Explore Careers Page",,"https://www.costofliving.workbc.ca/","https://www.costofliving.workbc.ca/",,,
,,,"Types of Employment in B.C.",,,"yes","Basic page",,,"http://aved.number41media.com/Wireframes/design-refresh/Beta2022/#id=arhea3&p=l4_-_apprenticeship_training_in_bc_-_approved&g=1","https://www.workbc.ca/Jobs-Careers/Explore-Careers/Types-of-Employment-in-BC.aspx",,,,
,,,"Self-Employment",,,"yes","Basic page",,,"http://aved.number41media.com/Wireframes/design-refresh/Beta2022/#id=btpimx&p=l3_-_resume___cover_letter&g=1 ","https://www.workbc.ca/Jobs-Careers/Explore-Careers/Is-Self-Employment-for-You.aspx",,"sidenav",,
,,,"B.C. Occupational Regulators",,,"yes","Basic page",,,"http://aved.number41media.com/Wireframes/design-refresh/Beta2022/#id=btpimx&p=l3_-_resume___cover_letter&g=1","https://www.workbc.ca/Jobs-Careers/Explore-Careers/B-C-Occupational-Regulators.aspx",,"sidenav",,
,,,"Definitions",,,"yes","View of Definition",,,"http://aved.number41media.com/Wireframes/design-refresh/Beta2022/#id=h9augb&p=l3_-_definitions_-_approved&g=1","https://www.workbc.ca/Jobs-Careers/Career-Toolkit/Definitions.aspx","/plan-career/explore-careers/definitions",,,
,,"Resources for",,,,"yes","Landing page",,"Should be 1/3 card for each resource.","http://aved.number41media.com/Wireframes/design-refresh/Beta2022/#id=66keqg&p=l2_-_news_-_approved&g=1","https://www.workbc.ca/Resources-for.aspx ",,,,
,,,"Indigenous Peoples",,,"yes","Basic page Hero",,,"http://aved.number41media.com/Wireframes/design-refresh/Beta2022/#id=8xc7m2&p=l3_-_resources_for_women_-_approved&g=1","https://www.workbc.ca/Resources-for/Indigenous-People.aspx,https://www.workbc.ca/Aboriginal,https://www.workbc.ca/indigenous",,"sidenav",,
,,,"People with Disabilities",,,"yes","Basic page Hero",,,"http://aved.number41media.com/Wireframes/design-refresh/Beta2022/#id=8xc7m2&p=l3_-_resources_for_women_-_approved&g=1","https://www.workbc.ca/Resources-for/People-with-Disabilities.aspx,https://www.workbc.ca/accessibility",,"sidenav",,
,,,"Teachers and Career Counsellors",,,"yes","Basic page Hero",,,"http://aved.number41media.com/Wireframes/design-refresh/Beta2022/#id=8xc7m2&p=l3_-_resources_for_women_-_approved&g=1","https://www.workbc.ca/Resources-for/Resources-for-Counsellors-Teachers-Parents.aspx,https://www.workbc.ca/Resources-for/Teachers-Career-Counsellors.aspx,https://www.workbc.ca/careercounsellors,https://www.workbc.ca/teachers",,"sidenav",,
,,,"Parents",,,"yes","Landing page",,,"http://aved.number41media.com/Wireframes/design-refresh/Beta2022/#id=t0aahk&p=l3_-_resources_for_parents_-_approved&g=1","https://www.workbc.ca/Resources-for/Parents.aspx,https://www.workbc.ca/parents",,,,
,,,,"Step 1: Getting Started",,,"Basic page",,,"http://aved.number41media.com/Wireframes/design-refresh/Beta2022/#id=j135b5&p=l4_-_resources_for_parents_-_step1_-_approved&g=1 ","https://www.workbc.ca/Resources-for/Parents/Getting-Started.aspx ",,"sidenav",,
,,,,"Step 2: Knowing Oneself",,,"Basic page",,,"http://aved.number41media.com/Wireframes/design-refresh/Beta2022/#id=j135b5&p=l4_-_resources_for_parents_-_step1_-_approved&g=1 ","https://www.workbc.ca/Resources-for/Parents/Knowing-Oneself.aspx ",,"sidenav",,
,,,,"Step 3: Exploring the Possibilities",,,"Basic page",,,"http://aved.number41media.com/Wireframes/design-refresh/Beta2022/#id=j135b5&p=l4_-_resources_for_parents_-_step1_-_approved&g=1 ","https://www.workbc.ca/Resources-for/Parents/Exploring-the-Possibilities.aspx ",,"sidenav",,
,,,,"Step 4: Making a Plan",,,"Basic page",,,"http://aved.number41media.com/Wireframes/design-refresh/Beta2022/#id=j135b5&p=l4_-_resources_for_parents_-_step1_-_approved&g=1 ","https://www.workbc.ca/Resources-for/Parents/Making-a-Plan.aspx ",,"sidenav",,
,,,,"Step 5: Getting Skills and Experience",,,"Basic page",,,"http://aved.number41media.com/Wireframes/design-refresh/Beta2022/#id=j135b5&p=l4_-_resources_for_parents_-_step1_-_approved&g=1 ","https://www.workbc.ca/Resources-for/Parents/Getting-Skills-and-Experience.aspx ",,"sidenav",,
,,,,"Step 6: Financing an Education",,,"Basic page",,,"http://aved.number41media.com/Wireframes/design-refresh/Beta2022/#id=j135b5&p=l4_-_resources_for_parents_-_step1_-_approved&g=1 ","https://www.workbc.ca/Resources-for/Parents/Financing-an-Education.aspx ",,"sidenav",,
,,,,"Step 7: Entering the Workforce",,,"Basic page",,,"http://aved.number41media.com/Wireframes/design-refresh/Beta2022/#id=j135b5&p=l4_-_resources_for_parents_-_step1_-_approved&g=1 ","https://www.workbc.ca/Resources-for/Parents/Entering-the-Workforce.aspx ",,"sidenav",,
,,,,"Discovering Resources",,,"Basic page",,,"http://aved.number41media.com/Wireframes/design-refresh/Beta2022/#id=j135b5&p=l4_-_resources_for_parents_-_step1_-_approved&g=1 ","https://www.workbc.ca/Resources-for/Parents/Discovering-Resources.aspx ",,"sidenav",,
,,,,"2018 WorkBC Parents' Guide",,,"Basic page",,,"http://aved.number41media.com/Wireframes/design-refresh/Beta2022/#id=arhea3&p=l4_-_apprenticeship_training_in_bc_-_approved&g=1","https://www.workbc.ca/Resources-for/Teachers-Career-Counsellors/2018-WorkBC-Parents-Guide.aspx,https://www.workbc.ca/parentguide,https://www.workbc.ca/Resources-for/Resources-for-Counsellors-Teachers-Parents/2018-WorkBC-Parents-Guide.aspx",,,,
,,,"Mature Workers",,,"yes","Basic page Hero",,,"http://aved.number41media.com/Wireframes/design-refresh/Beta2022/#id=8xc7m2&p=l3_-_resources_for_women_-_approved&g=1","https://www.workbc.ca/Resources-for/Mature-Workers.aspx ",,,,
,,,"People New to B.C.",,,"yes","Basic page Hero",,,"http://aved.number41media.com/Wireframes/design-refresh/Beta2022/#id=8xc7m2&p=l3_-_resources_for_women_-_approved&g=1","https://www.workbc.ca/Resources-for/New-to-B-C.aspx",,"sidenav",,
,,,"Veterans and Serving Military Members",,,"yes","Basic page Hero",,,"http://aved.number41media.com/Wireframes/design-refresh/Beta2022/#id=8xc7m2&p=l3_-_resources_for_women_-_approved&g=1","https://www.workbc.ca/Resources-for/Veterans-and-Serving-Military-Members.aspx",,,,
,,,"Women",,,"yes","Basic page Hero",,,"http://aved.number41media.com/Wireframes/design-refresh/Beta2022/#id=8xc7m2&p=l3_-_resources_for_women_-_approved&g=1","https://www.workbc.ca/Resources-for/Women.aspx,https://www.workbc.ca/woman,https://www.workbc.ca/women",,"sidenav",,
,,,"Youth",,,"yes","Basic page Hero",,,"http://aved.number41media.com/Wireframes/design-refresh/Beta2022/#id=8xc7m2&p=l3_-_resources_for_women_-_approved&g=1","https://www.workbc.ca/Resources-for/Youth.aspx,https://www.workbc.ca/youth",,"sidenav",,
,,"Career Events",,,,"yes","Landing page",,,"http://aved.number41media.com/Wireframes/design-refresh/Beta2022/#id=o80809&p=l1_-_access_employer_resources_-_approved&g=1","New Page",,,,
,,," Find Your Fit Tour",,,"yes","Landing page",,,"http://aved.number41media.com/Wireframes/design-refresh/Beta2022/#id=woqvtw&p=l3_-_find_your_fit_tour_-_approved&g=1 ","https://www.workbc.ca/Jobs-Careers/Find-Your-Fit-Tour.aspx,https://www.workbc.ca/findyourfit",,,,
,,,,"Request a Tour Stop",,,"Basic page",,,"http://aved.number41media.com/Wireframes/design-refresh/Beta2022/#id=b27wrh&p=l3_-_request_tour_stop_-_approved&g=1","https://www.workbc.ca/Jobs-Careers/Find-Your-Fit-Tour/Request-a-Tour-Form-Page.aspx",,,,
,,,"Calendar of Upcoming Events",,,"yes","Basic page Hero",,,"http://aved.number41media.com/Wireframes/design-refresh/Beta2022/#id=3hnqfz&p=l3_-_calendar_of_events_-_approved&g=1","https://www.workbc.ca/Jobs-Careers/Find-Your-Fit-Tour/Upcoming-Events.aspx",,,,"calendar"
,,"Skills for the Future Workforce",,,,"yes","Basic page Hero",,,"http://aved.number41media.com/Wireframes/design-refresh/Beta2022/#id=t2eydu&p=l2_-_skills_for_the_future_workforce_-_approved&g=1","https://www.workbc.ca/Labour-Market-Industry/Skills-for-the-Future-Workforce.aspx,https://www.workbc.ca/futureworkforce ",,,,
,,,"Skills",,,"yes",,,,"http://aved.number41media.com/Wireframes/design-refresh/Beta2022/#id=xvffyq&p=l2_-_skills_for_the_future_workforce_-_skills_-_ap&g=1","New Page",,"sidenav",,
,,,"Competencies",,,"yes",,,,"http://aved.number41media.com/Wireframes/design-refresh/Beta2022/#id=egfm9t&p=l2_-_skills_for_the_future_workforce_-_competencie&g=1","New Page",,"sidenav",,
,,,"Characteristics",,,"yes",,,,"http://aved.number41media.com/Wireframes/design-refresh/Beta2022/#id=1mw597&p=l2_-_skills_for_the_future_workforce_-_characteris&g=1","New Page",,"sidenav",,
,,"Publications",,,,"yes","Landing page",,,"http://aved.number41media.com/Wireframes/design-refresh/Beta2022/#id=u0o1ib&p=l2_-_publications_-_approved&g=1","https://www.workbc.ca/Employment-Services/WorkBC-Publications.aspx,https://www.workbc.ca/Publications",,,,
,,,"WorkBC Order Form",,,"yes","Basic page",,,"http://aved.number41media.com/Wireframes/design-refresh/Beta2022/#id=5dbkbj&p=l3_-_publications_-_workbc_order_form_-_approved&g=1 ","https://www.workbc.ca/Resources-for/Teachers-Career-Counsellors/WorkBC-Resource-Order-Form.aspx",,,,
,,"Blog",,,,"yes","Basic page Hero",,,"http://aved.number41media.com/Wireframes/design-refresh/Beta2022/#id=66keqg&p=l2_-_news_-_approved&g=1 ","https://www.workbc.ca/WorkBC-Blog/Read-WorkBC-s-Blog.aspx,https://www.workbc.ca/blog,https://www.workbc.ca/spotlight",,"wide",,
,,,"Individual blogs (separate web pages)",,,"No","Blog post",,"One example of 55 blog pages needed","http://aved.number41media.com/Wireframes/design-refresh/Beta2022/#id=hd0oto&p=l3_-_news_article_-_approved&g=1",,,,,
,,"Success Stories",,,,"yes","Basic page Hero",,,"http://aved.number41media.com/Wireframes/design-refresh/Beta2022/#id=66keqg&p=l2_-_news_-_approved&g=1","https://www.workbc.ca/Jobs-Careers/Success-Stories.aspx",,"wide",,
,,,"Marilou",,,"No","Success Story",,"One example of 25 success story pages needed","http://aved.number41media.com/Wireframes/design-refresh/Beta2022/#id=hd0oto&p=l3_-_news_article_-_approved&g=1  ","https://www.workbc.ca/Jobs-Careers/Success-Stories/MARILOU-APPLEBY-A-REALTOR%C2%AE-STILL-GOING-STRONG.aspx ",,,,
,,"Video Library",,,,"yes","Basic page Hero",,,"http://aved.number41media.com/Wireframes/design-refresh/Beta2022/#id=1k0gay&p=l2_-_video_library_-_approved&g=1","https://www.workbc.ca/videolibrary",,"wide",,
,,"News",,,,"yes","Basic page Hero",,,"http://aved.number41media.com/Wireframes/design-refresh/Beta2022/#id=66keqg&p=l2_-_news_-_approved&g=1","https://www.workbc.ca/news",,"wide",,
,,,"News story page",,,"No","News post",,"One example of 22 news story pages needed","http://aved.number41media.com/Wireframes/design-refresh/Beta2022/#id=hd0oto&p=l3_-_news_article_-_approved&g=1  ","https://www.workbc.ca/News/COMING-SOON-UPDATES-TO-THE-WORKBC-JOB-BOARD.aspx",,,,
,,"News Archive",,,,"No","Basic page",,,,"New Page",,"wide",,
,,,,,,,,,,,,,,,
,"Discover Employment Services",,,,,"yes","Landing page",,,"http://aved.number41media.com/Wireframes/design-refresh/Beta2022/#id=6awwwi&p=l1_-_discover_employment_services_-_approved&g=1 ","https://www.workbc.ca/Employment-Services.aspx",,,"SDPR",
,,"Renseignements sur les services à l’emploi",,,,"yes","Basic page",,,"http://aved.number41media.com/Wireframes/design-refresh/Beta2022/#id=btpimx&p=l3_-_resume___cover_letter&g=1","https://www.workbc.ca/Employment-Services/Renseignements-sur-les-services-a-lemploi.aspx",,"sidenav","SDPR",
,,"WorkBC Centres",,,,"yes","Landing page",,,"http://aved.number41media.com/Wireframes/design-refresh/Beta2022/#id=3h8u5o&p=l1_-_explore_training___education_-_approved&g=1","https://www.workbc.ca/Employment-Services/WorkBC-Centres.aspx",,,"SDPR",
,,,"Employment Services",,,"yes","Basic page",,,"http://aved.number41media.com/Wireframes/design-refresh/Beta2022/#id=btpimx&p=l3_-_resume___cover_letter&g=1 ","https://www.workbc.ca/Employment-Services/WorkBC-Centres/Employment-Services.aspx",,"sidenav","SDPR",
,,,,"Services d'emploi",,"No","Basic page",,,"http://aved.number41media.com/Wireframes/design-refresh/Beta2022/#id=btpimx&p=l3_-_resume___cover_letter&g=1","https://www.workbc.ca/Employment-Services/WorkBC-Centres/Employment-Services-FR",,"sidenav","SDPR",
,,,,"Employment Services Eligibility",,"No","Basic page",,,"http://aved.number41media.com/Wireframes/design-refresh/Beta2022/#id=arhea3&p=l4_-_apprenticeship_training_in_bc_-_approved&g=1","https://www.workbc.ca/Employment-Services/WorkBC-Centres/Employment-Services/Employment-Services-Eligibility.aspx",,,"SDPR",
,,,"Who Should Visit a WorkBC Centre",,,"yes","Basic page",,,"http://aved.number41media.com/Wireframes/design-refresh/Beta2022/#id=4oj1yw&p=l3_-_who_should_visit_workbc_centre_-_wip&g=1 ","https://www.workbc.ca/Employment-Services/WorkBC-Centres/Who-Should-Visit-a-WorkBC-Centre.aspx",,"sidenav","SDPR",
,,,,"Qui devrait visiter un centre WorkBC",,"No","Basic page",,,"http://aved.number41media.com/Wireframes/design-refresh/Beta2022/#id=4oj1yw&p=l3_-_who_should_visit_workbc_centre_-_wip&g=1","https://www.workbc.ca/Employment-Services/WorkBC-Centres/Who-Should-Visit-a-WorkBC-Centre-FR",,"sidenav","SDPR",
,,,"WorkBC Centre Locations",,,"yes","Basic page",,"Embedded map","http://aved.number41media.com/Wireframes/design-refresh/Beta2022/#id=arhea3&p=l4_-_apprenticeship_training_in_bc_-_approved&g=1 ","https://www.workbc.ca/Employment-Services/WorkBC-Centres/Find-Your-WorkBC-Centre.aspx,https://www.workbc.ca/Employment-Services/WorkBC-Centres/Find-your-WorkBC-Employment-Services-Centre-(1).aspx,https://www.workbc.ca/WorkBCCentres,https://www.workbc.ca/WorkBC-Centres",,,"SDPR",
,,,,"Trouver un centre WorkBC",,"No","Basic page",,,"http://aved.number41media.com/Wireframes/design-refresh/Beta2022/#id=arhea3&p=l4_-_apprenticeship_training_in_bc_-_approved&g=1 ","https://www.workbc.ca/Employment-Services/WorkBC-Centres/Find-Your-WorkBC-CentreFR.aspx",,,"SDPR",
,,,,"WorkBC Centre Listings",,,"Basic page",,,"http://aved.number41media.com/Wireframes/design-refresh/Beta2022/#id=btpimx&p=l3_-_resume___cover_letter&g=1 ","https://www.workbc.ca/Employment-Services/WorkBC-Centres/WorkBC-Centres-Listing.aspx",,"sidenav","SDPR",
,,,,"One example of: 126 WorkBC Centre Pages",,,"WorkBC Centre",,"One example of 126 WorkBC Centre Pages needed","http://aved.number41media.com/Wireframes/design-refresh/Beta2022/#id=rnlktd&p=l4_-_workbc_centre_-_abbotsford_-_approved&g=1 ","https://www.workbc.ca/WorkBC-Centres/Vancouver-Island-Coast/Ucluelet.aspx",,,"SDPR",
,,,"Self-Serve Services",,,"yes","Basic page",,,"http://aved.number41media.com/Wireframes/design-refresh/Beta2022/#id=arhea3&p=l4_-_apprenticeship_training_in_bc_-_approved&g=1 ","https://www.workbc.ca/Employment-Services/WorkBC-Centres/Self-Serve-Services.aspx",,,"SDPR",
,,,,"Services en libre-service",,"No","Basic page",,,"http://aved.number41media.com/Wireframes/design-refresh/Beta2022/#id=arhea3&p=l4_-_apprenticeship_training_in_bc_-_approved&g=1","https://www.workbc.ca/Employment-Services/WorkBC-Centres/Self-Serve-Services-FR",,,"SDPR",
,,"Online Employment Services",,,,"yes","Landing page",,,"http://aved.number41media.com/Wireframes/design-refresh/Beta2022/#id=o89in0&p=l2_-_online_employment_services_-_approved&g=1","https://www.workbc.ca/Employment-Services/WorkBC-Centres/Online-Employment-Services.aspx",,,"SDPR",
,,,"Services d'emploi en ligne",,,"No","Landing page",,,"http://aved.number41media.com/Wireframes/design-refresh/Beta2022/#id=o89in0&p=l2_-_online_employment_services_-_approved&g=1","https://www.workbc.ca/Employment-Services/WorkBC-Centres/Online-Employment-Services-FR",,,"SDPR",
,,"Assistive Technology Services",,,,"yes","Basic page",,,"http://aved.number41media.com/Wireframes/design-refresh/Beta2022/#id=arhea3&p=l4_-_apprenticeship_training_in_bc_-_approved&g=1 ","https://www.workbc.ca/Employment-Services/Assistive-Technology-Services.aspx",,,"SDPR",
,,"Indigenous Skills and Employment Training",,,,"yes",,,,"http://aved.number41media.com/Wireframes/design-refresh/Beta2022/#id=arhea3&p=l4_-_apprenticeship_training_in_bc_-_approved&g=1","https://www.workbc.ca/Employment-Services/ISETs-Map.aspx,https://www.workbc.ca/Employment-Services/ISETs-Listing.aspx",,,"SDPR",
,,"In the Spotlight",,,,"yes","Landing page",,,"http://aved.number41media.com/Wireframes/design-refresh/Beta2022/#id=66keqg&p=l2_-_news_-_approved&g=1","https://www.workbc.ca/Employment-Services/In-The-Spotlight.aspx",,,"SDPR",
,,,"Bradly: Working for Himself",,,"No","Basic page",,,"http://aved.number41media.com/Wireframes/design-refresh/Beta2022/#id=hd0oto&p=l3_-_news_article_-_approved&g=1","https://www.workbc.ca/Employment-Services/In-The-Spotlight/Bradly-Working-For-Himself.aspx",,,"SDPR",
,,,"Jane: Working Again Later in Life",,,"No","Basic page",,,"http://aved.number41media.com/Wireframes/design-refresh/Beta2022/#id=hd0oto&p=l3_-_news_article_-_approved&g=1","https://www.workbc.ca/Employment-Services/In-The-Spotlight/Jane-Working-Again-Later-In-Life.aspx",,,"SDPR",
,,,"Trenton: Needed Work Experience",,,"No","Basic page",,,"http://aved.number41media.com/Wireframes/design-refresh/Beta2022/#id=hd0oto&p=l3_-_news_article_-_approved&g=1","https://www.workbc.ca/Employment-Services/In-The-Spotlight/Trenton-Needed-Work-Experience.aspx",,,"SDPR",
,,,"Victoria: Getting Tools She Needed",,,"No","Basic page",,,"http://aved.number41media.com/Wireframes/design-refresh/Beta2022/#id=hd0oto&p=l3_-_news_article_-_approved&g=1","https://www.workbc.ca/Employment-Services/In-The-Spotlight/Victoria-Getting-Tools-She-Needed.aspx",,,"SDPR",
,,,"Lisa: Pursuing Your Passions at Any Age",,,"No","Basic page",,,"http://aved.number41media.com/Wireframes/design-refresh/Beta2022/#id=hd0oto&p=l3_-_news_article_-_approved&g=1","https://www.workbc.ca/Employment-Services/In-The-Spotlight/Lisa-Pursuing.aspx",,,"SDPR",
,,,"Louanne: Overcoming Challenges to Gain Meaningful Work",,,"No","Basic page",,,"http://aved.number41media.com/Wireframes/design-refresh/Beta2022/#id=hd0oto&p=l3_-_news_article_-_approved&g=1","https://www.workbc.ca/Employment-Services/In-The-Spotlight/Louanne-Overcoming-challenges-to-gain-meaningful-w.aspx",,,"SDPR",
,,"Community and Employer Partnerships",,,,"yes","Landing page",,,"http://aved.number41media.com/Wireframes/design-refresh/Beta2022/#id=2j8trz&p=l2_-_hire_employees_-_approved&g=1 ","https://www.workbc.ca/Employment-Services/Community-and-Employer-Partnerships.aspx",,,"SDPR",
,,,"More about Community and Employer Partnerships",,,"yes","Basic page",,,"http://aved.number41media.com/Wireframes/design-refresh/Beta2022/#id=arhea3&p=l4_-_apprenticeship_training_in_bc_-_approved&g=1","https://www.workbc.ca/Employment-Services/Community-and-Employer-Partnerships/Community-and-Employer-Partnerships.aspx",,,"SDPR",
,,,"Self-Assessment Questionnaire",,,"yes","Basic page",,"This is a multi-step form but submissions are not meant to be processed.","http://aved.number41media.com/Wireframes/design-refresh/Beta2022/#id=k4g3p2&p=l3_-_self-assessment_questionnaire_-_onhold&g=1 ","https://www.workbc.ca/Employment-Services/Community-and-Employer-Partnerships/Self-Assessment-Questionnaire.aspx",,,"SDPR",
,,,"Job Creation Partnerships",,,"yes","Basic page",,,"http://aved.number41media.com/Wireframes/design-refresh/Beta2022/#id=arhea3&p=l4_-_apprenticeship_training_in_bc_-_approved&g=1 ","https://www.workbc.ca/Employment-Services/Community-and-Employer-Partnerships/Job-Creation-Partnerships.aspx",,,"SDPR",
,,,"Labour Market Partnerships",,,"yes","Basic page",,,"http://aved.number41media.com/Wireframes/design-refresh/Beta2022/#id=arhea3&p=l4_-_apprenticeship_training_in_bc_-_approved&g=1 ","https://www.workbc.ca/Employment-Services/Community-and-Employer-Partnerships/Labour-Market-Partnerships.aspx",,,"SDPR",
,,,"Project-Based Labour Market Training",,,"yes","Basic page",,,"http://aved.number41media.com/Wireframes/design-refresh/Beta2022/#id=arhea3&p=l4_-_apprenticeship_training_in_bc_-_approved&g=1 ","https://www.workbc.ca/Employment-Services/Community-and-Employer-Partnerships/Project-Based-Labour-Market-Training.aspx",,,"SDPR",
,,,"Research and Innovation",,,"yes","Basic page",,,"http://aved.number41media.com/Wireframes/design-refresh/Beta2022/#id=arhea3&p=l4_-_apprenticeship_training_in_bc_-_approved&g=1 ","https://www.workbc.ca/Employment-Services/Community-and-Employer-Partnerships/Research-and-Innovation.aspx",,,"SDPR",
,,"Wage Subsidy Program",,,,"yes","Basic page",,,"http://aved.number41media.com/Wireframes/design-refresh/Beta2022/#id=arhea3&p=l4_-_apprenticeship_training_in_bc_-_approved&g=1 ","https://www.workbc.ca/Employment-Services/Wage-Subsidy.aspx",,,"SDPR",
,,"Work Experience Opportunities Grant",,,,"yes","Landing page",,"Use these icons ","http://aved.number41media.com/Wireframes/design-refresh/Beta2022/#id=2j8trz&p=l2_-_hire_employees_-_approved&g=1","https://www.workbc.ca/Employment-Services/Work-Experience-Opportunities-Grant.aspx",,,"SDPR",
,,"Apprentice Services",,,,"yes","Landing page",,,"http://aved.number41media.com/Wireframes/design-refresh/Beta2022/#id=xwd38v&p=l2_-_apprentice_services_-_approved&g=1 ","https://www.workbc.ca/Employment-Services/Apprentice-Services.aspx",,,"SDPR",
,,,"Access Online WorkBC Apprentice Services",,,"yes","Basic page",,,"http://aved.number41media.com/Wireframes/design-refresh/Beta2022/#id=arhea3&p=l4_-_apprenticeship_training_in_bc_-_approved&g=1 ","https://www.workbc.ca/Employment-Services/Apprentice-Services/Access-Online-WorkBC-Apprentice-Services.aspx",,,"SDPR",
,,,"Assess Your Eligibility",,,"yes","Basic page",,,"http://aved.number41media.com/Wireframes/design-refresh/Beta2022/#id=arhea3&p=l4_-_apprenticeship_training_in_bc_-_approved&g=1 ","https://www.workbc.ca/Employment-Services/Apprentice-Services/Assess-Your-Eligibility.aspx",,,"SDPR",
,,,"How To Apply",,,"yes","Basic page",,,"http://aved.number41media.com/Wireframes/design-refresh/Beta2022/#id=arhea3&p=l4_-_apprenticeship_training_in_bc_-_approved&g=1 ","https://www.workbc.ca/Employment-Services/Apprentice-Services/How-To-Apply.aspx",,,"SDPR",
,,,"Training Supports",,,"yes","Basic page",,,"http://aved.number41media.com/Wireframes/design-refresh/Beta2022/#id=arhea3&p=l4_-_apprenticeship_training_in_bc_-_approved&g=1 ","https://www.workbc.ca/Employment-Services/Apprentice-Services/Training-Supports.aspx",,,"SDPR",
,,,,,,,,,,,,,,,
,"Explore Training and Education",,,,,"yes","Landing page",,,"http://aved.number41media.com/Wireframes/design-refresh/Beta2022/#id=3h8u5o&p=l1_-_explore_training___education_-_approved&g=1","https://www.workbc.ca/Training-Education.aspx",,,,
,,"Skills Training and Supports",,,,"yes","Landing page",,,"http://aved.number41media.com/Wireframes/design-refresh/Beta2022/#id=o80809&p=l1_-_access_employer_resources_-_approved&g=1","New Page",,,,
,,,"Skills Training for Employment Program",,,"yes","Landing page",,,"http://aved.number41media.com/Wireframes/design-refresh/Beta2022/#id=sfkvj0&p=l3_-_community_workforce_response_grant&g=1","https://www.workbc.ca/Training-Education/Skills-Training-for-Employment.aspx",,,"WDA",
,,,,"Impacted Workers",,,"Basic page",,,"http://aved.number41media.com/Wireframes/design-refresh/Beta2022/#id=btpimx&p=l3_-_resume___cover_letter&g=1 ","https://www.workbc.ca/Training-Education/Skills-Training-for-Employment/STE-Impacted-Workers.aspx",,"sidenav","WDA",
,,,,"Young Adults at Risk",,,"Basic page",,,"http://aved.number41media.com/Wireframes/design-refresh/Beta2022/#id=arhea3&p=l4_-_apprenticeship_training_in_bc_-_approved&g=1 ","https://www.workbc.ca/Training-Education/Skills-Training-for-Employment/Young-Adults-at-Risk-Program.aspx",,,"WDA",
,,,,,"Cariboo",,"Basic page",,,"http://aved.number41media.com/Wireframes/design-refresh/Beta2022/#id=btpimx&p=l3_-_resume___cover_letter&g=1","https://www.workbc.ca/Training-Education/Skills-Training-for-Employment/Young-Adults-at-Risk-Program/Cariboo.aspx",,"sidenav","WDA",
,,,,,"Kootenay",,"Basic page",,,"http://aved.number41media.com/Wireframes/design-refresh/Beta2022/#id=btpimx&p=l3_-_resume___cover_letter&g=1","https://www.workbc.ca/Training-Education/Skills-Training-for-Employment/Young-Adults-at-Risk-Program/Kootenay.aspx",,"sidenav","WDA",
,,,,,"Mainland/Southwest",,"Basic page",,,"http://aved.number41media.com/Wireframes/design-refresh/Beta2022/#id=btpimx&p=l3_-_resume___cover_letter&g=1","https://www.workbc.ca/Training-Education/Skills-Training-for-Employment/Young-Adults-at-Risk-Program/Mainland-Southwest.aspx",,"sidenav","WDA",
,,,,,"North Coast and Nechako",,"Basic page",,,"http://aved.number41media.com/Wireframes/design-refresh/Beta2022/#id=btpimx&p=l3_-_resume___cover_letter&g=1","https://www.workbc.ca/Training-Education/Skills-Training-for-Employment/Young-Adults-at-Risk-Program/North-Coast-Nechako.aspx",,"sidenav","WDA",
,,,,,"Northeast",,"Basic page",,,"http://aved.number41media.com/Wireframes/design-refresh/Beta2022/#id=btpimx&p=l3_-_resume___cover_letter&g=1","https://www.workbc.ca/Training-Education/Skills-Training-for-Employment/Young-Adults-at-Risk-Program/Northeast.aspx",,"sidenav","WDA",
,,,,,"Thompson-Okanagan",,"Basic page",,,"http://aved.number41media.com/Wireframes/design-refresh/Beta2022/#id=btpimx&p=l3_-_resume___cover_letter&g=1","https://www.workbc.ca/Training-Education/Skills-Training-for-Employment/Young-Adults-at-Risk-Program/Thompson-Okanagan.aspx",,"sidenav","WDA",
,,,,,"Vancouver Island/Coast",,"Basic page",,,"http://aved.number41media.com/Wireframes/design-refresh/Beta2022/#id=btpimx&p=l3_-_resume___cover_letter&g=1","https://www.workbc.ca/Training-Education/Skills-Training-for-Employment/Young-Adults-at-Risk-Program/Vancouver-Island-Coast.aspx",,"sidenav","WDA",
,,,,"Young Adults",,,"Basic page",,,"http://aved.number41media.com/Wireframes/design-refresh/Beta2022/#id=arhea3&p=l4_-_apprenticeship_training_in_bc_-_approved&g=1 ","https://www.workbc.ca/Training-Education/Skills-Training-for-Employment/Young-Adults-Program.aspx",,,"WDA",
,,,,,"Cariboo",,"Basic page",,,"http://aved.number41media.com/Wireframes/design-refresh/Beta2022/#id=btpimx&p=l3_-_resume___cover_letter&g=1","https://www.workbc.ca/Training-Education/Skills-Training-for-Employment/Young-Adults-Program/Cariboo.aspx",,"sidenav","WDA",
,,,,,"Kootenay",,"Basic page",,,"http://aved.number41media.com/Wireframes/design-refresh/Beta2022/#id=btpimx&p=l3_-_resume___cover_letter&g=1","https://www.workbc.ca/Training-Education/Skills-Training-for-Employment/Young-Adults-Program/Kootenay.aspx",,"sidenav","WDA",
,,,,,"Mainland/Southwest",,"Basic page",,,"http://aved.number41media.com/Wireframes/design-refresh/Beta2022/#id=btpimx&p=l3_-_resume___cover_letter&g=1","https://www.workbc.ca/Training-Education/Skills-Training-for-Employment/Young-Adults-Program/Mainland-Southwest.aspx",,"sidenav","WDA",
,,,,,"North Coast and Nechako",,"Basic page",,,"http://aved.number41media.com/Wireframes/design-refresh/Beta2022/#id=btpimx&p=l3_-_resume___cover_letter&g=1","https://www.workbc.ca/Training-Education/Skills-Training-for-Employment/Young-Adults-Program/North-Coast-Nechako.aspx",,"sidenav","WDA",
,,,,,"Northeast",,"Basic page",,,"http://aved.number41media.com/Wireframes/design-refresh/Beta2022/#id=btpimx&p=l3_-_resume___cover_letter&g=1","https://www.workbc.ca/Training-Education/Skills-Training-for-Employment/Young-Adults-Program/Northeast.aspx",,"sidenav","WDA",
,,,,,"Thompson-Okanagan",,"Basic page",,,"http://aved.number41media.com/Wireframes/design-refresh/Beta2022/#id=btpimx&p=l3_-_resume___cover_letter&g=1","https://www.workbc.ca/Training-Education/Skills-Training-for-Employment/Young-Adults-Program/Thompson-Okanagan.aspx",,"sidenav","WDA",
,,,,,"Vancouver Island/Coast",,"Basic page",,,"http://aved.number41media.com/Wireframes/design-refresh/Beta2022/#id=btpimx&p=l3_-_resume___cover_letter&g=1","https://www.workbc.ca/Training-Education/Skills-Training-for-Employment/Young-Adults-Program/Vancouver-Island-Coast.aspx",,"sidenav","WDA",
,,,,"Survivors of Violence and/or Abuse",,,"Basic page",,,"http://aved.number41media.com/Wireframes/design-refresh/Beta2022/#id=arhea3&p=l4_-_apprenticeship_training_in_bc_-_approved&g=1 ","https://www.workbc.ca/Training-Education/Skills-Training-for-Employment/STE-Survivors-of-Violence-and-or-Abuse.aspx",,,"WDA",
,,,,,"Cariboo",,"Basic page",,,"http://aved.number41media.com/Wireframes/design-refresh/Beta2022/#id=btpimx&p=l3_-_resume___cover_letter&g=1","https://www.workbc.ca/Training-Education/Skills-Training-for-Employment/STE-Survivors-of-Violence-and-or-Abuse/Cariboo.aspx",,"sidenav","WDA",
,,,,,"Kootenay",,"Basic page",,,"http://aved.number41media.com/Wireframes/design-refresh/Beta2022/#id=btpimx&p=l3_-_resume___cover_letter&g=1","https://www.workbc.ca/Training-Education/Skills-Training-for-Employment/STE-Survivors-of-Violence-and-or-Abuse/Kootenay.aspx",,"sidenav","WDA",
,,,,,"Mainland/Southwest",,"Basic page",,,"http://aved.number41media.com/Wireframes/design-refresh/Beta2022/#id=btpimx&p=l3_-_resume___cover_letter&g=1","https://www.workbc.ca/Training-Education/Skills-Training-for-Employment/STE-Survivors-of-Violence-and-or-Abuse/Mainland-Southwest.aspx",,"sidenav","WDA",
,,,,,"North Coast and Nechako",,"Basic page",,,"http://aved.number41media.com/Wireframes/design-refresh/Beta2022/#id=btpimx&p=l3_-_resume___cover_letter&g=1","https://www.workbc.ca/Training-Education/Skills-Training-for-Employment/STE-Survivors-of-Violence-and-or-Abuse/North-Coast-Nechako.aspx",,"sidenav","WDA",
,,,,,"Northeast",,"Basic page",,,"http://aved.number41media.com/Wireframes/design-refresh/Beta2022/#id=btpimx&p=l3_-_resume___cover_letter&g=1","https://www.workbc.ca/Training-Education/Skills-Training-for-Employment/STE-Survivors-of-Violence-and-or-Abuse/Northeast.aspx",,"sidenav","WDA",
,,,,,"Thompson-Okanagan",,"Basic page",,,"http://aved.number41media.com/Wireframes/design-refresh/Beta2022/#id=btpimx&p=l3_-_resume___cover_letter&g=1","https://www.workbc.ca/Training-Education/Skills-Training-for-Employment/STE-Survivors-of-Violence-and-or-Abuse/Thompson-Okanagan.aspx",,"sidenav","WDA",
,,,,,"Vancouver Island/Coast",,"Basic page",,,"http://aved.number41media.com/Wireframes/design-refresh/Beta2022/#id=btpimx&p=l3_-_resume___cover_letter&g=1","https://www.workbc.ca/Training-Education/Skills-Training-for-Employment/STE-Survivors-of-Violence-and-or-Abuse/Vancouver-Island-Coast.aspx",,"sidenav","WDA",
,,,,"Older Workers 55+",,,"Basic page",,,"http://aved.number41media.com/Wireframes/design-refresh/Beta2022/#id=arhea3&p=l4_-_apprenticeship_training_in_bc_-_approved&g=1","https://www.workbc.ca/Training-Education/Skills-Training-for-Employment/STE-Older-Workers-55.aspx",,,"WDA",
,,,,,"Cariboo",,"Basic page",,,"http://aved.number41media.com/Wireframes/design-refresh/Beta2022/#id=btpimx&p=l3_-_resume___cover_letter&g=1","https://www.workbc.ca/Training-Education/Skills-Training-for-Employment/STE-Older-Workers-55/Cariboo.aspx",,"sidenav","WDA",
,,,,,"Kootenay",,"Basic page",,,"http://aved.number41media.com/Wireframes/design-refresh/Beta2022/#id=btpimx&p=l3_-_resume___cover_letter&g=1","https://www.workbc.ca/Training-Education/Skills-Training-for-Employment/STE-Older-Workers-55/Kootenay.aspx",,"sidenav","WDA",
,,,,,"Mainland/Southwest",,"Basic page",,,"http://aved.number41media.com/Wireframes/design-refresh/Beta2022/#id=btpimx&p=l3_-_resume___cover_letter&g=1","https://www.workbc.ca/Training-Education/Skills-Training-for-Employment/STE-Older-Workers-55/Mainland-Southwest.aspx",,"sidenav","WDA",
,,,,,"North Coast and Nechako",,"Basic page",,,"http://aved.number41media.com/Wireframes/design-refresh/Beta2022/#id=btpimx&p=l3_-_resume___cover_letter&g=1","https://www.workbc.ca/Training-Education/Skills-Training-for-Employment/STE-Older-Workers-55/North-Coast-Nechako.aspx",,"sidenav","WDA",
,,,,,"Northeast",,"Basic page",,,"http://aved.number41media.com/Wireframes/design-refresh/Beta2022/#id=btpimx&p=l3_-_resume___cover_letter&g=1","https://www.workbc.ca/Training-Education/Skills-Training-for-Employment/STE-Older-Workers-55/Northeast.aspx",,"sidenav","WDA",
,,,,,"Thompson-Okanagan",,"Basic page",,,"http://aved.number41media.com/Wireframes/design-refresh/Beta2022/#id=btpimx&p=l3_-_resume___cover_letter&g=1","https://www.workbc.ca/Training-Education/Skills-Training-for-Employment/STE-Older-Workers-55/Thompson-Okanagan.aspx",,"sidenav","WDA",
,,,,,"Vancouver Island/Coast",,"Basic page",,,"http://aved.number41media.com/Wireframes/design-refresh/Beta2022/#id=btpimx&p=l3_-_resume___cover_letter&g=1","https://www.workbc.ca/Training-Education/Skills-Training-for-Employment/STE-Older-Workers-55/Vancouver-Island-Coast.aspx",,"sidenav","WDA",
,,,,"Individuals Facing Multiple Barriers",,,"Basic page",,,"http://aved.number41media.com/Wireframes/design-refresh/Beta2022/#id=arhea3&p=l4_-_apprenticeship_training_in_bc_-_approved&g=1 ","https://www.workbc.ca/Training-Education/Skills-Training-for-Employment/STE-Individuals-Facing-Multiple-Barriers.aspx",,,"WDA",
,,,,,"Cariboo",,"Basic page",,,"http://aved.number41media.com/Wireframes/design-refresh/Beta2022/#id=btpimx&p=l3_-_resume___cover_letter&g=1","https://www.workbc.ca/Training-Education/Skills-Training-for-Employment/STE-Individuals-Facing-Multiple-Barriers/Cariboo.aspx",,"sidenav","WDA",
,,,,,"Kootenay",,"Basic page",,,"http://aved.number41media.com/Wireframes/design-refresh/Beta2022/#id=btpimx&p=l3_-_resume___cover_letter&g=1","https://www.workbc.ca/Training-Education/Skills-Training-for-Employment/STE-Individuals-Facing-Multiple-Barriers/Kootenay.aspx",,"sidenav","WDA",
,,,,,"Mainland/Southwest",,"Basic page",,,"http://aved.number41media.com/Wireframes/design-refresh/Beta2022/#id=btpimx&p=l3_-_resume___cover_letter&g=1","https://www.workbc.ca/Training-Education/Skills-Training-for-Employment/STE-Individuals-Facing-Multiple-Barriers/Mainland-Southwest.aspx",,"sidenav","WDA",
,,,,,"North Coast and Nechako",,"Basic page",,,"http://aved.number41media.com/Wireframes/design-refresh/Beta2022/#id=btpimx&p=l3_-_resume___cover_letter&g=1","https://www.workbc.ca/Training-Education/Skills-Training-for-Employment/STE-Individuals-Facing-Multiple-Barriers/North-Coast-Nechako.aspx",,"sidenav","WDA",
,,,,,"Northeast",,"Basic page",,,"http://aved.number41media.com/Wireframes/design-refresh/Beta2022/#id=btpimx&p=l3_-_resume___cover_letter&g=1","https://www.workbc.ca/Training-Education/Skills-Training-for-Employment/STE-Individuals-Facing-Multiple-Barriers/Northeast.aspx",,"sidenav","WDA",
,,,,,"Thompson-Okanagan",,"Basic page",,,"http://aved.number41media.com/Wireframes/design-refresh/Beta2022/#id=btpimx&p=l3_-_resume___cover_letter&g=1","https://www.workbc.ca/Training-Education/Skills-Training-for-Employment/STE-Individuals-Facing-Multiple-Barriers/Thompson-Okanagan.aspx",,"sidenav","WDA",
,,,,,"Vancouver Island/Coast",,"Basic page",,,"http://aved.number41media.com/Wireframes/design-refresh/Beta2022/#id=btpimx&p=l3_-_resume___cover_letter&g=1","https://www.workbc.ca/Training-Education/Skills-Training-for-Employment/STE-Individuals-Facing-Multiple-Barriers/Vancouver-Island-Coast.aspx",,"sidenav","WDA",
,,,,"People at Risk of or Experiencing Homelessness",,,"Basic page",,"North Coast & Nechako does not exist on legacy site","http://aved.number41media.com/Wireframes/design-refresh/Beta2022/#id=arhea3&p=l4_-_apprenticeship_training_in_bc_-_approved&g=1 ","https://www.workbc.ca/Training-Education/Skills-Training-for-Employment/People-at-Risk-of-or-Experiencing-Homelessness.aspx",,,"WDA",
,,,,,"Cariboo",,"Basic page",,,"http://aved.number41media.com/Wireframes/design-refresh/Beta2022/#id=btpimx&p=l3_-_resume___cover_letter&g=1","https://www.workbc.ca/Training-Education/Skills-Training-for-Employment/People-at-Risk-of-or-Experiencing-Homelessness/Cariboo.aspx",,"sidenav","WDA",
,,,,,"Kootenay",,"Basic page",,,"http://aved.number41media.com/Wireframes/design-refresh/Beta2022/#id=btpimx&p=l3_-_resume___cover_letter&g=1","https://www.workbc.ca/Training-Education/Skills-Training-for-Employment/People-at-Risk-of-or-Experiencing-Homelessness/Kootenay.aspx",,"sidenav","WDA",
,,,,,"Mainland/Southwest",,"Basic page",,,"http://aved.number41media.com/Wireframes/design-refresh/Beta2022/#id=btpimx&p=l3_-_resume___cover_letter&g=1","https://www.workbc.ca/Training-Education/Skills-Training-for-Employment/People-at-Risk-of-or-Experiencing-Homelessness/Mainland-Southwest.aspx",,"sidenav","WDA",
,,,,,"Northeast",,"Basic page",,,"http://aved.number41media.com/Wireframes/design-refresh/Beta2022/#id=btpimx&p=l3_-_resume___cover_letter&g=1","https://www.workbc.ca/Training-Education/Skills-Training-for-Employment/People-at-Risk-of-or-Experiencing-Homelessness/Northeast.aspx",,"sidenav","WDA",
,,,,,"Thompson-Okanagan",,"Basic page",,,"http://aved.number41media.com/Wireframes/design-refresh/Beta2022/#id=btpimx&p=l3_-_resume___cover_letter&g=1","https://www.workbc.ca/Training-Education/Skills-Training-for-Employment/People-at-Risk-of-or-Experiencing-Homelessness/Thompson-Okanagan.aspx",,"sidenav","WDA",
,,,,,"Vancouver Island/Coast",,"Basic page",,,"http://aved.number41media.com/Wireframes/design-refresh/Beta2022/#id=btpimx&p=l3_-_resume___cover_letter&g=1","https://www.workbc.ca/Training-Education/Skills-Training-for-Employment/People-at-Risk-of-or-Experiencing-Homelessness/Vancouver-Island-Coast.aspx",,"sidenav","WDA",
,,,,"Persons with Disabilities",,,"Basic page",,,"http://aved.number41media.com/Wireframes/design-refresh/Beta2022/#id=arhea3&p=l4_-_apprenticeship_training_in_bc_-_approved&g=1 ","https://www.workbc.ca/Training-Education/Skills-Training-for-Employment/Persons-with-Disabilities.aspx",,,"WDA",
,,,,,"Cariboo",,"Basic page",,,"http://aved.number41media.com/Wireframes/design-refresh/Beta2022/#id=btpimx&p=l3_-_resume___cover_letter&g=1","https://www.workbc.ca/Training-Education/Skills-Training-for-Employment/Persons-with-Disabilities/Cariboo.aspx",,"sidenav","WDA",
,,,,,"Kootenay",,"Basic page",,,"http://aved.number41media.com/Wireframes/design-refresh/Beta2022/#id=btpimx&p=l3_-_resume___cover_letter&g=1","https://www.workbc.ca/Training-Education/Skills-Training-for-Employment/Persons-with-Disabilities/Kootenay.aspx",,"sidenav","WDA",
,,,,,"Mainland/Southwest",,"Basic page",,,"http://aved.number41media.com/Wireframes/design-refresh/Beta2022/#id=btpimx&p=l3_-_resume___cover_letter&g=1","https://www.workbc.ca/Training-Education/Skills-Training-for-Employment/Persons-with-Disabilities/Mainland-Southwest.aspx",,"sidenav","WDA",
,,,,,"North Coast and Nechako",,"Basic page",,,"http://aved.number41media.com/Wireframes/design-refresh/Beta2022/#id=btpimx&p=l3_-_resume___cover_letter&g=1","https://www.workbc.ca/Training-Education/Skills-Training-for-Employment/Persons-with-Disabilities/North-Coast-Nechako.aspx",,"sidenav","WDA",
,,,,,"Northeast",,"Basic page",,,"http://aved.number41media.com/Wireframes/design-refresh/Beta2022/#id=btpimx&p=l3_-_resume___cover_letter&g=1","https://www.workbc.ca/Training-Education/Skills-Training-for-Employment/Persons-with-Disabilities/Northeast.aspx",,"sidenav","WDA",
,,,,,"Thompson-Okanagan",,"Basic page",,,"http://aved.number41media.com/Wireframes/design-refresh/Beta2022/#id=btpimx&p=l3_-_resume___cover_letter&g=1","https://www.workbc.ca/Training-Education/Skills-Training-for-Employment/Persons-with-Disabilities/Thompson-Okanagan.aspx",,"sidenav","WDA",
,,,,,"Vancouver Island/Coast",,"Basic page",,,"http://aved.number41media.com/Wireframes/design-refresh/Beta2022/#id=btpimx&p=l3_-_resume___cover_letter&g=1","https://www.workbc.ca/Training-Education/Skills-Training-for-Employment/Persons-with-Disabilities/Vancouver-Island-Coast.aspx",,"sidenav","WDA",
,,,"BladeRunners Program for At-Risk Young Adults",,,"yes","Basic page",,"With banner image","http://aved.number41media.com/Wireframes/design-refresh/Beta2022/#id=btpimx&p=l3_-_resume___cover_letter&g=1","https://www.workbc.ca/Employment-Services/Labour-Market-Programs/Bladerunners-Program.aspx ",,"sidenav","WDA",
,,"Trades Training",,,,"yes","Landing page",,,"http://aved.number41media.com/Wireframes/design-refresh/Beta2022/#id=dst01w&p=l2_-_bc_industries___sectors_-_approved&g=1","https://www.workbc.ca/Training-Education/Trades-Training.aspx,https://www.workbc.ca/trades",,,,
,,,"Trades Training Programs",,,"yes","Basic page",,,"http://aved.number41media.com/Wireframes/design-refresh/Beta2022/#id=arhea3&p=l4_-_apprenticeship_training_in_bc_-_approved&g=1","https://www.workbc.ca/Training-Education/Trades-Training/Access-trade-training-programs-(1).aspx",,,,
,,,"About Apprenticeship",,,"yes","Basic page",,,"http://aved.number41media.com/Wireframes/design-refresh/Beta2022/#id=arhea3&p=l4_-_apprenticeship_training_in_bc_-_approved&g=1","https://www.workbc.ca/Training-Education/Trades-Training/About-Apprenticeship.aspx,https://www.workbc.ca/apprentice",,,,
,,,"Pre-Apprenticeship Programs",,,"yes","Landing page",,,"http://aved.number41media.com/Wireframes/design-refresh/Beta2022/#id=dst01w&p=l2_-_bc_industries___sectors_-_approved&g=1","https://www.workbc.ca/Training-Education/Trades-Training/Pre-Apprentice-Programs.aspx ",,,"WDA",
,,,,"Indigenous Peoples in Trades Training",,,"Basic page",,,"http://aved.number41media.com/Wireframes/design-refresh/Beta2022/#id=btpimx&p=l3_-_resume___cover_letter&g=1","New Page",,"sidenav","WDA",
,,,,"Women in Trades Training",,,"Basic page",,,"http://aved.number41media.com/Wireframes/design-refresh/Beta2022/#id=btpimx&p=l3_-_resume___cover_letter&g=1","New Page",,"sidenav","WDA",
,,,,"Equity Seeking Groups in Trades Training",,,"Basic page",,,"http://aved.number41media.com/Wireframes/design-refresh/Beta2022/#id=btpimx&p=l3_-_resume___cover_letter&g=1","New Page",,"sidenav","WDA",
,,,,"Persons with Disabilities in Trades Training",,,"Basic page",,,"http://aved.number41media.com/Wireframes/design-refresh/Beta2022/#id=btpimx&p=l3_-_resume___cover_letter&g=1","New Page",,"sidenav","WDA",
,,"Post-Secondary Education",,,,"yes","Basic page",,,"http://aved.number41media.com/Wireframes/design-refresh/Beta2022/#id=arhea3&p=l4_-_apprenticeship_training_in_bc_-_approved&g=1","https://www.workbc.ca/Training-Education/Post-Secondary.aspx",,,,
,,"Co-operative Education",,,,"yes","Basic page",,,"http://aved.number41media.com/Wireframes/design-refresh/Beta2022/#id=arhea3&p=l4_-_apprenticeship_training_in_bc_-_approved&g=1","https://www.workbc.ca/Training-Education/Co-operative-Education.aspx,https://www.workbc.ca/co-op,https://www.workbc.ca/coop",,,,
,,,,,,,,,,,,,,,
,"Research the Labour Market",,,,,"yes","Landing page",,,"http://aved.number41media.com/Wireframes/design-refresh/Beta2022/#id=wuwi4b&p=l1_-_research_the_labour_market_-_approved&g=1 ","https://www.workbc.ca/Labour-Market-Industry.aspx,https://www.workbc.ca/Labour-Market-Information.aspx,https://www.workbc.ca/economy",,,,
,,"B.C.’s Economy",,,,"yes","Landing page",,,"http://aved.number41media.com/Wireframes/design-refresh/Beta2022/#id=1lfvda&p=l2_-_industry___employers_-_approved&g=1 ","https://www.workbc.ca/Labour-Market-Industry/B-C-s-Economy.aspx",,,,
,,,"Labour Market Monthly Update",,,"yes","Labour Market Monthly",,,"http://aved.number41media.com/Wireframes/design-refresh/Beta2022/#id=74lpyu&p=l3_-_labour_market_monthly_update_-_approved&g=1 ","https://www.workbc.ca/Labour-Market-Industry/B-C-s-Economy/Labour-market-snapshots.aspx",,,,
,,,"Green Economy",,,"yes","Basic page",,,"http://aved.number41media.com/Wireframes/design-refresh/Beta2022/#id=arhea3&p=l4_-_apprenticeship_training_in_bc_-_approved&g=1 ","https://www.workbc.ca/Labour-Market-Industry/B-C-s-Economy/Green-Economy.aspx",,,,
,,,"Guide to Using Labour Market Information",,,"yes","Basic page",,"Custom element","http://aved.number41media.com/Wireframes/design-refresh/Beta2022/#id=5q3hkt&p=l3_-_guide_to_using_labour_market_info_-_wip&g=1 ","https://www.workbc.ca/Labour-Market-Industry/B-C-s-Economy/Guide-to-using-Labour-Market-Information.aspx",,,,
,,,"Reports",,,"yes","Basic page",,"TODO
With one full size component","http://aved.number41media.com/Wireframes/design-refresh/Beta2022/#id=arhea3&p=l4_-_apprenticeship_training_in_bc_-_approved&g=1 ","New Page",,,,
,,,,"Workforce Development Agreement and Annual Reports",,,"Basic page",,,"http://aved.number41media.com/Wireframes/design-refresh/Beta2022/#id=arhea3&p=l4_-_apprenticeship_training_in_bc_-_approved&g=1 ","https://www.workbc.ca/Labour-Market-Industry/B-C-s-Economy/Workforce-Development-Agreement-and-Annual-Reports.aspx",,,,
,,"B.C.’s Labour Market Outlook: 2021 Edition",,,,"yes","Basic page",,,"http://aved.number41media.com/Wireframes/design-refresh/Beta2022/#id=arhea3&p=l4_-_apprenticeship_training_in_bc_-_approved&g=1 ","https://www.workbc.ca/Labour-Market-Industry/Labour-Market-Outlook.aspx,https://www.workbc.ca/labourmarketoutlook",,,,
,,"High Opportunity Occupations",,,,"yes","Basic page",,"Embedded view","http://aved.number41media.com/Wireframes/design-refresh/Beta2022/#id=yulkld&p=l2_-_high_opportunity_occupations_-_approved&g=1 ","https://www.workbc.ca/Labour-Market-Industry/High-Opportunity-Occupations.aspx,https://www.workbc.ca/Labour-Market-Industry/Jobs-in-Demand/High-Demand-Occupations.aspx",,,,
,,"Top Demand Trades",,,,"yes","Basic page",,,"http://aved.number41media.com/Wireframes/design-refresh/Beta2022/#id=arhea3&p=l4_-_apprenticeship_training_in_bc_-_approved&g=1","https://www.workbc.ca/Labour-Market-Industry/Top-Demand-Trades.aspx",,,,
,,"B.C. and Regional Profiles",,,,"yes","Basic page",,"Embedded map",,"https://www.workbc.ca/Labour-Market-Industry/Regional-Profiles.aspx,https://www.workbc.ca/regional,https://www.workbc.ca/bcandregional",,,,
,,,"British Columbia",,,"yes","BC Profile",,,"http://aved.number41media.com/Wireframes/design-refresh/Beta2022/#id=fq8d58&p=l3_-_bc_profile_-_approved&g=1","https://www.workbc.ca/Labour-Market-Information/Regional-Profiles/British-Columbia",,,,
,,,"North Coast and Nechako",,,"yes","Regional Profile",,,"http://aved.number41media.com/Wireframes/design-refresh/Beta2022/#id=n03atv&p=l3_-_regional_profile_-_approved&g=1","https://www.workbc.ca/Labour-Market-Information/Regional-Profiles/North-Coast-Nechako",,,,
,,,"Vancouver Island/Coast",,,"yes","Regional Profile",,,"http://aved.number41media.com/Wireframes/design-refresh/Beta2022/#id=n03atv&p=l3_-_regional_profile_-_approved&g=1","https://www.workbc.ca/Labour-Market-Information/Regional-Profiles/Vancouver-Island-Coast",,,,
,,,"Mainland/Southwest",,,"yes","Regional Profile",,,"http://aved.number41media.com/Wireframes/design-refresh/Beta2022/#id=n03atv&p=l3_-_regional_profile_-_approved&g=1","https://www.workbc.ca/Labour-Market-Information/Regional-Profiles/Mainland-Southwest",,,,
,,,"Northeast",,,"yes","Regional Profile",,,"http://aved.number41media.com/Wireframes/design-refresh/Beta2022/#id=n03atv&p=l3_-_regional_profile_-_approved&g=1","https://www.workbc.ca/Labour-Market-Information/Regional-Profiles/Northeast",,,,
,,,"Cariboo",,,"yes","Regional Profile",,,"http://aved.number41media.com/Wireframes/design-refresh/Beta2022/#id=n03atv&p=l3_-_regional_profile_-_approved&g=1","https://www.workbc.ca/Labour-Market-Information/Regional-Profiles/Cariboo",,,,
,,,"Thompson-Okanagan",,,"yes","Regional Profile",,,"http://aved.number41media.com/Wireframes/design-refresh/Beta2022/#id=n03atv&p=l3_-_regional_profile_-_approved&g=1","https://www.workbc.ca/Labour-Market-Information/Regional-Profiles/Thompson-Okanagan",,,,
,,,"Kootenay",,,"yes","Regional Profile",,,"http://aved.number41media.com/Wireframes/design-refresh/Beta2022/#id=n03atv&p=l3_-_regional_profile_-_approved&g=1","https://www.workbc.ca/Labour-Market-Information/Regional-Profiles/Kootenay",,,,
,,"B.C.’s Industries and Sectors",,,,"yes","Landing page",,,"http://aved.number41media.com/Wireframes/design-refresh/Beta2022/#id=dst01w&p=l2_-_bc_industries___sectors_-_approved&g=1 ","https://www.workbc.ca/Labour-Market-Industry/Industry-and-Sector-Information.aspx,https://www.workbc.ca/Labour-Market-Industry/Industry-and-Sector-Information/Industry-and-Sector-Outlooks.aspx,https://www.workbc.ca/industry,https://www.workbc.ca/sector",,,,
,,,"Industry Profiles",,,"yes","Basic page",,"Custom embedded SSoT table","http://aved.number41media.com/Wireframes/design-refresh/Beta2022/#id=y8jbn6&p=l3_-_industry_profiles_-_approved&g=1","https://www.workbc.ca/Labour-Market-Industry/Industry-and-Sector-Information/Industry-Profiles.aspx,https://www.workbc.ca/industryprofiles",,,,
,,,,"One example of: 18 Profile Pages",,,"Industry Profile",,"One example of 18 Profile Pages needed","http://aved.number41media.com/Wireframes/design-refresh/Beta2022/#id=yypyme&p=l4_-_accommodation___food_services_-_approved&g=1","https://www.workbc.ca/Labour-Market-Information/Industry-Information/Industry-Profiles/Accommodation-and-Food-Services",,,,
,,,,,,,,,,,,,,,
,"Access Employer Resources",,,,,"yes","Landing page",,,"http://aved.number41media.com/Wireframes/design-refresh/Beta2022/#id=o80809&p=l1_-_access_employer_resources_-_approved&g=1","https://www.workbc.ca/Employer-Resources.aspx,https://www.workbc.ca/employer,https://www.workbc.ca/employers",,,,
,,"Hire Employees",,,,"yes","Landing page",,,"http://aved.number41media.com/Wireframes/design-refresh/Beta2022/#id=2j8trz&p=l2_-_hire_employees_-_approved&g=1","New Page",,,,
,,,"Find Workers",,,"yes","Basic page",,,"http://aved.number41media.com/Wireframes/design-refresh/Beta2022/#id=btpimx&p=l3_-_resume___cover_letter&g=1","https://www.workbc.ca/Employer-Resources/Your-Workforce/Job-board-benefits.aspx,https://www.workbc.ca/postjobs",,"sidenav",,
,,,,"Frequently Asked Questions for Employers",,,"Basic page",,,"http://aved.number41media.com/Wireframes/design-refresh/Beta2022/#id=arhea3&p=l4_-_apprenticeship_training_in_bc_-_approved&g=1","https://www.workbc.ca/Employer-Resources/Your-Workforce/Job-board-benefits/Frequently-Asked-Questions-for-Employers.aspx",,,,
,,,"Create an Inclusive Workplace",,,"yes","Basic page",,,"http://aved.number41media.com/Wireframes/design-refresh/Beta2022/#id=btpimx&p=l3_-_resume___cover_letter&g=1","https://www.workbc.ca/Employer-Resources/Your-Workforce/The-Diversity-Advantage.aspx,https://www.workbc.ca/employdiversity",,"sidenav",,
,,,"Apprentices, Reservists, Co-op Students and Temporary Foreign Workers",,,"yes","Basic page",,,"http://aved.number41media.com/Wireframes/design-refresh/Beta2022/#id=btpimx&p=l3_-_resume___cover_letter&g=1","https://www.workbc.ca/Employer-Resources/Your-Workforce/Apprentices.aspx",,"sidenav",,
,,"Manage Employees",,,,"yes","Landing page",,,"http://aved.number41media.com/Wireframes/design-refresh/Beta2022/#id=2j8trz&p=l2_-_hire_employees_-_approved&g=1","New Page",,,,
,,,"Skills Training",,,"yes","Landing page",,,"http://aved.number41media.com/Wireframes/design-refresh/Beta2022/#id=dst01w&p=l2_-_bc_industries___sectors_-_approved&g=1","https://www.workbc.ca/Employer-Resources/Skills-Training.aspx",,,,
,,,,"Skills for Success and Literacy",,,"Basic page",,,"http://aved.number41media.com/Wireframes/design-refresh/Beta2022/#id=btpimx&p=l3_-_resume___cover_letter&g=1","https://www.workbc.ca/Employer-Resources/Skills-Training/Essential-Skills-Literacy.aspx",,"sidenav",,
,,,"Support Your Workforce",,,"yes","Basic page",,,"http://aved.number41media.com/Wireframes/design-refresh/Beta2022/#id=btpimx&p=l3_-_resume___cover_letter&g=1","https://www.workbc.ca/Employer-Resources/Your-Workforce/Support-your-workforce.aspx",,"sidenav",,
,,,"Workplace Rights",,,"yes","Basic page",,,"http://aved.number41media.com/Wireframes/design-refresh/Beta2022/#id=btpimx&p=l3_-_resume___cover_letter&g=1","https://www.workbc.ca/Employer-Resources/Your-Workforce/Workplace-Rights.aspx",,"sidenav",,
,,"Manage Your Business",,,,"yes","Landing page",,,"http://aved.number41media.com/Wireframes/design-refresh/Beta2022/#id=2j8trz&p=l2_-_hire_employees_-_approved&g=1","https://www.workbc.ca/Employer-Resources/Business-Resources.aspx,https://www.workbc.ca/businessresources",,,,
,,,"Planning Resources",,,"yes","Basic page",,,"http://aved.number41media.com/Wireframes/design-refresh/Beta2022/#id=arhea3&p=l4_-_apprenticeship_training_in_bc_-_approved&g=1","https://www.workbc.ca/Employer-Resources/Business-Resources/Planning-Resources.aspx",,,,
,,,"Support Services",,,"yes","Basic page",,,"http://aved.number41media.com/Wireframes/design-refresh/Beta2022/#id=btpimx&p=l3_-_resume___cover_letter&g=1","https://www.workbc.ca/Employer-Resources/Business-Resources/Support-Services.aspx",,"sidenav",,
,,,"Growing your Business",,,"yes","Basic page",,,"http://aved.number41media.com/Wireframes/design-refresh/Beta2022/#id=btpimx&p=l3_-_resume___cover_letter&g=1","https://www.workbc.ca/Employer-Resources/Business-Resources/International-Growth.aspx",,"sidenav",,
,,,,,,,,,,,,,,,
,"Find Loans and Grants",,,,,"yes","Landing page",,,"http://aved.number41media.com/Wireframes/design-refresh/Beta2022/#id=vnr6oo&p=l1_-_find_loans___grants_-_approved&g=1 ","New Page",,,,
,,"Industry and Employers",,,,"yes","Landing page",,,"http://aved.number41media.com/Wireframes/design-refresh/Beta2022/#id=1lfvda&p=l2_-_industry___employers_-_approved&g=1 ","New Page",,,,
,,,"B.C. Employer Training Grant",,,"yes","Basic page",,,"http://aved.number41media.com/Wireframes/design-refresh/Beta2022/#id=vy8q0q&p=l3_-_bc_employer_training_grant_-_approved&g=1 ","https://www.workbc.ca/Employer-Resources/BC-Employer-Training-Grant.aspx,https://www.workbc.ca/bcemployertraininggrant",,,"WDA",
,,,,"What's New",,,"Basic page",,,"http://aved.number41media.com/Wireframes/design-refresh/Beta2022/#id=arhea3&p=l4_-_apprenticeship_training_in_bc_-_approved&g=1 ","https://www.workbc.ca/Employer-Resources/BC-Employer-Training-Grant/What-s-new.aspx",,,"WDA",
,,,,"Frequently Asked Questions",,,"Basic page",,,"http://aved.number41media.com/Wireframes/design-refresh/Beta2022/#id=btpimx&p=l3_-_resume___cover_letter&g=1 ","https://www.workbc.ca/Employer-Resources/BC-Employer-Training-Grant/What-is-the-B-C-Employer-Training-Grant/Frequently-Asked-Questions.aspx",,"sidenav","WDA",
,,,"Sector Labour Market Partnerships Program",,,"yes","Landing page",,"Only the 2 full components have images, the rest have no images.","http://aved.number41media.com/Wireframes/design-refresh/Beta2022/#id=1lfvda&p=l2_-_industry___employers_-_approved&g=1","https://www.workbc.ca/Labour-Market-Industry/Sector-Labour-Market-Partnerships-Program.aspx,https://www.workbc.ca/Employer-Resources/Funding-and-Programs/Sector-Labour-Market-Partnerships.aspx,https://www.workbc.ca/labourmarketpartnerships,https://https://www.workbc.ca/SLMP-Program,https://www.workbc.ca/sectorlabourmarketpartnerships",,,,
,,,,"Program Priorities During COVID-19",,,"Basic page",,,"http://aved.number41media.com/Wireframes/design-refresh/Beta2022/#id=arhea3&p=l4_-_apprenticeship_training_in_bc_-_approved&g=1 ","https://www.workbc.ca/Labour-Market-Industry/Sector-Labour-Market-Partnerships-Program/SLMP-Program-Priorities-During-COVID-19.aspx",,,,
,,,,"Who Should Apply",,,"Basic page",,,"http://aved.number41media.com/Wireframes/design-refresh/Beta2022/#id=btpimx&p=l3_-_resume___cover_letter&g=1 ","https://www.workbc.ca/Labour-Market-Industry/Sector-Labour-Market-Partnerships-Program/Who-Should-Apply.aspx",,"sidenav",,
,,,,,"More About SLMP Program Priorities",,"Basic page",,,"http://aved.number41media.com/Wireframes/design-refresh/Beta2022/#id=btpimx&p=l3_-_resume___cover_letter&g=1 ","https://www.workbc.ca/Labour-Market-Industry/Sector-Labour-Market-Partnerships-Program/Who-Should-Apply/Project-Priorities.aspx ",,"sidenav",,
,,,,"Statement of Intent",,,"Basic page",,,"http://aved.number41media.com/Wireframes/design-refresh/Beta2022/#id=arhea3&p=l4_-_apprenticeship_training_in_bc_-_approved&g=1 ","https://www.workbc.ca/Labour-Market-Industry/Sector-Labour-Market-Partnerships-Program/Program-Intent.aspx",,,,
,,,,"Projects",,,"Basic page",,,"http://aved.number41media.com/Wireframes/design-refresh/Beta2022/#id=5q3hkt&p=l3_-_guide_to_using_labour_market_info_-_wip&g=1 ","https://www.workbc.ca/Labour-Market-Industry/Sector-Labour-Market-Partnerships-Program/Program-Priorities-and-Project-Activities.aspx",,,,
,,,,"Resources for Projects",,,"Basic page",,,"http://aved.number41media.com/Wireframes/design-refresh/Beta2022/#id=arhea3&p=l4_-_apprenticeship_training_in_bc_-_approved&g=1 ","https://www.workbc.ca/Labour-Market-Industry/Sector-Labour-Market-Partnerships-Program/Resources-for-Projects.aspx",,,,
,,,,"Reports",,,"Basic page",,,"http://aved.number41media.com/Wireframes/design-refresh/Beta2022/#id=btpimx&p=l3_-_resume___cover_letter&g=1 ","https://www.workbc.ca/Labour-Market-Industry/Sector-Labour-Market-Partnerships-Program/Sector-Labour-Market-Partnerships-Reports.aspx",,"sidenav",,
,,,"Finance Your Business",,,"yes","Basic page",,,"http://aved.number41media.com/Wireframes/design-refresh/Beta2022/#id=arhea3&p=l4_-_apprenticeship_training_in_bc_-_approved&g=1 ","https://www.workbc.ca/Employer-Resources/Funding-and-Programs/Loans-Grants-and-Funding.aspx",,,,
,,,"Incentives and Tax Credits",,,"yes","Basic page",,,"http://aved.number41media.com/Wireframes/design-refresh/Beta2022/#id=arhea3&p=l4_-_apprenticeship_training_in_bc_-_approved&g=1 ","https://www.workbc.ca/Employer-Resources/Funding-and-Programs/Incentives-and-Tax-Credits.aspx",,,,
,,"Community",,,,"yes","Landing page",,,"http://aved.number41media.com/Wireframes/design-refresh/Beta2022/#id=dst01w&p=l2_-_bc_industries___sectors_-_approved&g=1 ","New Page",,,,
,,,"Community Workforce Response Grant",,,"yes","Landing page",,,"http://aved.number41media.com/Wireframes/design-refresh/Beta2022/#id=sfkvj0&p=l3_-_community_workforce_response_grant&g=1","https://www.workbc.ca/Employment-Services/Community-Workforce-Response-Grant.aspx,https://www.workbc.ca/communityworkforcegrant",,,"WDA",
,,,,"Grant Overview",,,"Basic page",,,"http://aved.number41media.com/Wireframes/design-refresh/Beta2022/#id=btpimx&p=l3_-_resume___cover_letter&g=1","https://www.workbc.ca/Employment-Services/Community-Workforce-Response-Grant/Grant-Overview.aspx",,"sidenav","WDA",
,,,,"What's New",,,"Basic page",,,"http://aved.number41media.com/Wireframes/design-refresh/Beta2022/#id=arhea3&p=l4_-_apprenticeship_training_in_bc_-_approved&g=1","https://www.workbc.ca/Employment-Services/Community-Workforce-Response-Grant/What-s-New.aspx",,"sidenav","WDA",
,,,,"Skills Training for Economic Recovery Stream",,,"Basic page",,,"http://aved.number41media.com/Wireframes/design-refresh/Beta2022/#id=arhea3&p=l4_-_apprenticeship_training_in_bc_-_approved&g=1 ","https://www.workbc.ca/Employment-Services/Community-Workforce-Response-Grant/Skills-Training-for-Economic-Recovery-Stream.aspx",,,"WDA",
,,,,"Workforce Shortages Stream",,,"Basic page",,,"http://aved.number41media.com/Wireframes/design-refresh/Beta2022/#id=arhea3&p=l4_-_apprenticeship_training_in_bc_-_approved&g=1 ","https://www.workbc.ca/Employment-Services/Community-Workforce-Response-Grant/Workforce-Shortages.aspx",,,"WDA",
,,,,"Emerging Priorities Stream",,,"Basic page",,,"http://aved.number41media.com/Wireframes/design-refresh/Beta2022/#id=arhea3&p=l4_-_apprenticeship_training_in_bc_-_approved&g=1 ","https://www.workbc.ca/Employment-Services/Community-Workforce-Response-Grant/Emerging-Priorities.aspx",,,"WDA",
,,,,"Indigenous Communities Stream",,,"Basic page",,,"http://aved.number41media.com/Wireframes/design-refresh/Beta2022/#id=arhea3&p=l4_-_apprenticeship_training_in_bc_-_approved&g=1 ","https://www.workbc.ca/Employment-Services/Community-Workforce-Response-Grant/Indigenous-Communities.aspx",,,"WDA",
,,,,"Community Response Stream",,,"Basic page",,,"http://aved.number41media.com/Wireframes/design-refresh/Beta2022/#id=arhea3&p=l4_-_apprenticeship_training_in_bc_-_approved&g=1","https://www.workbc.ca/Employment-Services/Community-Workforce-Response-Grant/Community-Response-Stream.aspx",,,"WDA",
,,,,"Frequently Asked Questions",,,"Basic page",,,"http://aved.number41media.com/Wireframes/design-refresh/Beta2022/#id=btpimx&p=l3_-_resume___cover_letter&g=1 ","https://www.workbc.ca/Employment-Services/Community-Workforce-Response-Grant/Grant-Overview/CWRG-Frequently-Asked-Questions.aspx",,"sidenav","WDA",
,,"Financing for Students",,,,"yes","Landing page",,,"http://aved.number41media.com/Wireframes/design-refresh/Beta2022/#id=dst01w&p=l2_-_bc_industries___sectors_-_approved&g=1 ","https://www.workbc.ca/Training-Education/Finance-your-Education.aspx",,,,
,,,"Scholarships, Bursaries and Loans ",,,"yes","Basic page",,,"http://aved.number41media.com/Wireframes/design-refresh/Beta2022/#id=arhea3&p=l4_-_apprenticeship_training_in_bc_-_approved&g=1 ","https://www.workbc.ca/Training-Education/Finance-your-Education/Scholarships-Bursaries-and-Loans.aspx",,,,
,,,"Student Budgeting",,,"yes","Basic page",,,"http://aved.number41media.com/Wireframes/design-refresh/Beta2022/#id=arhea3&p=l4_-_apprenticeship_training_in_bc_-_approved&g=1 ","https://www.workbc.ca/Training-Education/Finance-your-Education/Student-Budgeting.aspx",,,,
,,,"Indigenous Skills and Employment Training funding",,,"yes","Basic page",,,"http://aved.number41media.com/Wireframes/design-refresh/Beta2022/#id=arhea3&p=l4_-_apprenticeship_training_in_bc_-_approved&g=1 ","https://www.workbc.ca/Training-Education/Finance-your-Education/Indigenous-Skills-and-Employment-Training-funding.aspx",,,,
,,,"Services for Apprentices and Employers",,,"yes","Basic page",,"Custom graphic","http://aved.number41media.com/Wireframes/design-refresh/Beta2022/#id=btpimx&p=l3_-_resume___cover_letter&g=1","https://www.workbc.ca/Training-Education/Finance-your-Education/Apprenticeship-Financial-Supports.aspx,https://www.workbc.ca/apprenticejobmatch",,"sidenav",,
,,,,,,,,,,,,,,,
,"Learn About WorkBC.ca",,,,,,"Basic page",,,"http://aved.number41media.com/Wireframes/design-refresh/Beta2022/#id=arhea3&p=l4_-_apprenticeship_training_in_bc_-_approved&g=1 ","https://www.workbc.ca/About-Us.aspx",,,,
,"Contact Us",,,,,,"Basic page",,,"http://aved.number41media.com/Wireframes/design-refresh/Beta2022/#id=kqv79v&p=contact_-_approved&g=1 ","https://www.workbc.ca/Contact-Us.aspx",,"wide",,
,"Contactez-nous",,,,,,"Basic page",,,"http://aved.number41media.com/Wireframes/design-refresh/Beta2022/#id=arhea3&p=l4_-_apprenticeship_training_in_bc_-_approved&g=1","https://www.workbc.ca/Contactez-nous.aspx",,"wide",,
,"Search Results",,,,,,"Custom page generated by search module",,,"http://aved.number41media.com/Wireframes/design-refresh/Beta2022/#id=s5vw6o&p=search_results_-_wip&g=1 ","https://www.workbc.ca/Search-Results.aspx",,,,
,"Account",,,,,,"Basic page",,"This is NOT the Drupal account page, but a page hosting the Job Board job seeker login form. NOTE: This line differs from the CEU IA sheet which lists both ""Log in"" and ""Register"" which end up linking to the same page Accounts.aspx",,"https://www.workbc.ca/Account.aspx",,,,"jobboard"
,"Accessibility",,,,,,"Link",,,,"https://www2.gov.bc.ca/gov/content/home/accessible-government ",,,,
,"Browsers",,,,,,"Basic page",,,"http://aved.number41media.com/Wireframes/design-refresh/Beta2022/#id=arhea3&p=l4_-_apprenticeship_training_in_bc_-_approved&g=1 ","https://www.workbc.ca/Browsers",,,,
,"Disclaimer",,,,,,"Link",,,"http://aved.number41media.com/Wireframes/design-refresh/Beta2022/#id=arhea3&p=l4_-_apprenticeship_training_in_bc_-_approved&g=1","https://www2.gov.bc.ca/gov/content/home/disclaimer",,,,
,"Privacy",,,,,,"Link",,,,"https://www2.gov.bc.ca/gov/content/home/privacy",,,,
,"Sitemap",,,,,,"Custom page generated by sitemap module",,,,"https://www.workbc.ca/Sitemap","/sitemap.xml",,,
,"Job Seeker Terms of Use",,,,,,"Basic page",,,,"https://workbc.ca/JobSeekerTOU.aspx",,,,
,"BC-Career-Guide-Indigenous-People-2018.pdf",,,,,,"File",,,,"https://www.workbc.ca/getmedia/9f259552-8baf-4d22-a78c-0d5f3559ec2d/BC-Career-Guide-Indigenous-People-2018.pdf.aspx,https://www.workbc.ca/Career-Guide-Indigenous","/sites/default/files/BC-Career-Guide-Indigenous-People-2018.pdf",,,
