NOC 2021 Code (5-digit),NOC 2021 Label,NOC 2021 TEER,NOC 2016 Code (4-digit),NOC 2016 Label,NOC 2016 Skill level,Description
10,Legislators,0,11,Legislators,Management / A,N/A
00018,"Senior managers - public and private sector",0,12,Senior government managers and officials,Management / A,N/A
,,,13,"Senior managers - financial, communications and other business services",Management / A,N/A
,,,14,"Senior managers - health, education, social and community services and membership organizations",Management / A,N/A
,,,15,"Senior managers - trade, broadcasting and other services, nec",Management / A,N/A
,,,16,"Senior managers - construction, transportation, production and utilities",Management / A,N/A
10010,Financial managers,0,111,Financial managers,Management / A,N/A
10011,Human resources managers,0,112,Human resources managers,Management / A,NOC 0112 was split. Job titles related to human resources managers moved from NOC 0112 to NOC 10011.
10012,Purchasing managers,0,113,Purchasing managers,Management / A,N/A
10019,Other administrative services managers,0,114,Other administrative services managers,Management / A,Job titles related to other administrative service managers moved from NOC 0114 to NOC 10019.
,,,1227,Court officers and justices of the peace,B,"NOC 1227 was spilt. Job title ""Court registrar"" moved from NOC 1227 to NOC 10019."
10020,"Insurance, real estate and financial brokerage managers",0,121,"Insurance, real estate and financial brokerage managers",Management / A,N/A
10021,"Banking, credit and other investment managers",0,122,"Banking, credit and other investment managers",Management / A,N/A
10022,"Advertising, marketing and public relations managers",0,124,"Advertising, marketing and public relations managers",Management / A,"Job titles related to advertising, marketing and public relations managers moved from NOC 0124 to NOC 10022."
,,,1123,"Professional occupations in advertising, marketing and public relations",A,"NOC 1123 was split. Job title ""social media community manager"" updated to ""social media manager"" moved from NOC 1123 to NOC 10022."
10029,Other business services managers,0,125,Other business services managers,Management / A,N/A
10030,Telecommunication carriers managers,0,131,Telecommunication carriers managers,Management / A,N/A
11100,Financial auditors and accountants,1,1111,Financial auditors and accountants,A,Job titles related to financial auditors and accountants moved from NOC 1111 to NOC 11100.
,,,1114,Other financial officers,A,NOC 1114 was split. Job titles related to financial management moved to NOC 1114 to NOC 11100.
11101,Financial and investment analysts,1,1112,Financial and investment analysts,A,N/A
11102,Financial advisors,1,1114,Other financial officers,A,NOC 1114 was split. Job titles related to financial advisors moved from NOC 1114 to NOC 11102.
11103,"Securities agents, investment dealers and brokers",1,1113,"Securities agents, investment dealers and brokers",A,N/A
11109,Other financial officers,1,1114,Other financial officers,A,NOC 1114 was split. Job titles related to other financial officers moved from NOC 1114 to NOC 11109.
11200,Human resources professionals,1,1121,Human resources professionals,A,Job titles related to human resources professionals moved from NOC 1121 to NOC 11200.
,,,112,Human resources managers,Management / A,"NOC 0112 was split. Job title ""staff training coordinator"" moved from NOC 0112 to NOC 11200."
11201,Professional occupations in business management consulting,1,1122,Professional occupations in business management consulting,A,N/A
11202,"Professional occupations in advertising, marketing and public relations",1,1123,"Professional occupations in advertising, marketing and public relations",A,"NOC 1123 was split. Job titles related to professional occupations in advertising, marketing and public relations moved from NOC 1123 to NOC 11202."
,,,4163,Business development officers and marketing researchers and consultants,A,"NOC 4163 was split. Job title ""marketing consultant"" moved from NOC 4163 to NOC 11202."
12010,"Supervisors, general office and administrative support workers",2,1211,"Supervisors, general office and administrative support workers",B,N/A
12011,"Supervisors, finance and insurance office workers",2,1212,"Supervisors, finance and insurance office workers",B,N/A
12012,"Supervisors, library, correspondence and related information workers",2,1213,"Supervisors, library, correspondence and related information workers",B,N/A
12013,"Supervisors, supply chain, tracking and scheduling coordination occupations",2,1215,"Supervisors, supply chain, tracking and scheduling co-ordination occupations",B,"NOC 1215 was split. Job titles related to supervisors in supply chain, tracking and scheduling coordination occupations moved from NOC 1215 to NOC 12013."
12100,Executive assistants,2,1222,Executive assistants,B,N/A
12101,Human resources and recruitment officers,2,1223,Human resources and recruitment officers,B,N/A
12102,Procurement and purchasing agents and officers,2,1225,Purchasing agents and officers,B,N/A
12103,Conference and event planners,2,1226,Conference and event planners,B,N/A
12104,Employment insurance and revenue officers,2,1228,"Employment insurance, immigration, border services and revenue officers",B,NOC 1228 was split. Job titles related to employment insurance and revenue moved from NOC 1228 to NOC 12104.
12110,"Court reporters, medical transcriptionists and related occupations",2,1251,"Court reporters, medical transcriptionists and related occupations",B,N/A
12111,Health information management occupations,2,1252,Health information management occupations,B,N/A
12112,Records management technicians,2,1253,Records management technicians,B,N/A
12113,Statistical officers and related research support occupations,2,1254,Statistical officers and related research support occupations,B,N/A
12200,Accounting technicians and bookkeepers,2,1311,Accounting technicians and bookkeepers,B,N/A
12201,Insurance adjusters and claims examiners,2,1312,Insurance adjusters and claims examiners,B,N/A
12202,Insurance underwriters,2,1313,Insurance underwriters,B,N/A
12203,"Assessors, business valuators and appraisers",2,1314,"Assessors, valuators and appraisers",B,N/A
13100,Administrative officers,3,1221,Administrative officers,B,N/A
13101,Property administrators,3,1224,Property administrators,B,N/A
13102,Payroll administrators,3,1432,Payroll administrators,C,N/A
13110,Administrative assistants,3,112,Human resources managers,Management / A,"NOC 0112 was split. Job title ""Human resources administrator"" moved from NOC 0112 to NOC 13110."
,,,1241,Administrative assistants,B,Job titles related to administrative assistants moved from NOC 1241 to NOC 13110.
13111,Legal administrative assistants,3,1242,Legal administrative assistants,B,N/A
13112,Medical administrative assistants,3,1243,Medical administrative assistants,B,N/A
13200,"Customs, ship and other brokers",3,1315,"Customs, ship and other brokers",B,N/A
13201,Production and transportation logistics coordinators,3,1215,"Supervisors, supply chain, tracking and scheduling co-ordination occupations",B,"NOC 1215 was split. Job titles related to non-supervisor logistics, freight, transportation positions moved from NOC 1215 to NOC 13201."
,,,1523,Production logistics co-ordinators,C,NOC 1523 was split. Job titles related to production logistic coordination moved from NOC 1523 to NOC 13201.
14100,General office support workers,4,1411,General office support workers,C,N/A
14101,Receptionists,4,1414,Receptionists,C,N/A
14102,Personnel clerks,4,1415,Personnel clerks,C,N/A
14103,Court clerks and related court services occupations,4,1416,Court clerks,C,Job titles related to court clerks moved from NOC 1416 to NOC 14103.
,,,1227,Court officers and justices of the peace,B,NOC 1227 was spilt. Job titles related to court officers and court administrators moved from NOC 1227 to NOC 14103.
14110,Survey interviewers and statistical clerks,4,1454,Survey interviewers and statistical clerks,C,N/A
14111,Data entry clerks,4,1422,Data entry clerks,C,N/A
14112,Desktop publishing operators and related occupations,4,1423,Desktop publishing operators and related occupations,C,N/A
14200,Accounting and related clerks,4,1431,Accounting and related clerks,C,N/A
14201,"Banking, insurance and other financial clerks",4,1434,"Banking, insurance and other financial clerks",C,N/A
14202,Collection clerks,4,1435,Collectors,C,N/A
14300,Library assistants and clerks,4,1451,Library assistants and clerks,C,N/A
14301,"Correspondence, publication and regulatory clerks",4,1452,"Correspondence, publication and regulatory clerks",C,N/A
14400,Shippers and receivers,4,1521,Shippers and receivers,C,N/A
14401,Storekeepers and partspersons,4,1522,Storekeepers and partspersons,C,N/A
14402,Production logistics workers,4,1523,Production logistics co-ordinators,C,NOC 1523 was split. Job titles related to production logistic workers moved from NOC 1523 to NOC 14402.
14403,Purchasing and inventory control workers,4,1524,Purchasing and inventory control workers,C,N/A
14404,Dispatchers,4,1525,Dispatchers,C,N/A
14405,Transportation route and crew schedulers,4,1526,Transportation route and crew schedulers,C,N/A
20010,Engineering managers,0,211,Engineering managers,Management / A,N/A
20011,Architecture and science managers,0,212,Architecture and science managers,Management / A,N/A
20012,Computer and information systems managers,0,213,Computer and information systems managers,Management / A,N/A
21100,Physicists and astronomers,1,2111,Physicists and astronomers,A,N/A
21101,Chemists,1,2112,Chemists,A,N/A
21102,Geoscientists and oceanographers,1,2113,Geoscientists and oceanographers,A,N/A
21103,Meteorologists and climatologists,1,2114,Meteorologists and climatologists,A,N/A
21109,Other professional occupations in physical sciences,1,2115,Other professional occupations in physical sciences,A,N/A
21110,Biologists and related scientists,1,2121,Biologists and related scientists,A,Job titles related to biologists and related scientists moved from NOC 2121 to NOC 21110.
,,,4165,"Health policy researchers, consultants and program officers",A,NOC 4165 was split. Job titles related to clinical research moved from NOC 4165 to NOC 21110.
21111,Forestry professionals,1,2122,Forestry professionals,A,N/A
21112,"Agricultural representatives, consultants and specialists",1,2123,"Agricultural representatives, consultants and specialists",A,N/A
21120,Public and environmental health and safety professionals,1,112,Human resources managers,Management / A,NOC 0112 was split. Job titles related to public and environmental health and safety coordinators moved from NOC 0112 to NOC 21120.
,,,2263,Inspectors in public and environmental health and occupational health and safety,B,NOC 2263 was split. Job titles related to public and environmental health and safety moved from NOC 2263 to NOC 21120
21200,Architects,1,2151,Architects,A,N/A
21201,Landscape architects,1,2152,Landscape architects,A,N/A
21202,Urban and land use planners,1,2153,Urban and land use planners,A,N/A
21203,Land surveyors,1,2154,Land surveyors,A,N/A
21210,"Mathematicians, statisticians and actuaries",1,2161,"Mathematicians, statisticians and actuaries",A,N/A
21211,Data scientists,1,2171,Information systems analysts and consultants,A,NOC 2171 was split. Job titles related to AI analysis and consulting moved from NOC 2171 to NOC 21211.
,,,2172,Database analysts and data administrators,A,NOC 2172 was split. Job titles related to data scientist and data miner moved from NOC 2172 to NOC 21211.
,,,2173,Software engineers and designers,A,NOC 2173 was split. Job title artificial intelligence (AI) designer moved from NOC 2173 to NOC 21211.
21220,Cybersecurity specialists,1,2171,Information systems analysts and consultants,A,NOC 2171 was split. Job titles related to cybersecurity moved from NOC 2171 to NOC 21220.
21221,Business system specialists,1,2171,Information systems analysts and consultants,A,NOC 2171 was split. Job titles related to business systems moved from NOC 2171 to NOC 21211.
21222,Information systems specialists,1,2171,Information systems analysts and consultants,A,NOC 2171 was split. Job titles related to information system specialists moved from NOC 2171 to NOC 21222.
21223,Database analysts and data administrators,1,2172,Database analysts and data administrators,A,NOC 2172 was split. Job titles related to database analysts and data administrators moved from NOC 2172 to NOC 21223.
21230,Computer systems developers and programmers,1,2174,Computer programmers and interactive media developers,A,NOC 2174 was split. Job titles related to computer systems development and programming moved from NOC 2174 to NOC 21230
21231,Software engineers and designers,1,2173,Software engineers and designers,A,NOC 2173 was split. Job titles related to software engineers and designers moved from NOC 2173 to NOC 21231.
21232,Software developers and programmers,1,2174,Computer programmers and interactive media developers,A,NOC 2174 was split. Job titles related to software and multimedia development moved from NOC 2174 to NOC 21232.
21233,Web designers,1,2171,Information systems analysts and consultants,A,"NOC 2171 was split. Job titles ""interactive media consultant"" and ""multimedia consultant"" moved from NOC 2171 to NOC 21233."
,,,2175,Web designers and developers,A,NOC 2175 was split. Job titles related to web design moved from NOC 2175 to NOC 21233.
21234,Web developers and programmers,1,2174,Computer programmers and interactive media developers,A,NOC 2174 was split. Job titles related to web development and programming moved from NOC 2174 to NOC 21234.
,,,2175,Web designers and developers,A,NOC 2175 was split. Job titles related to web development and programing moved from NOC 2175 to NOC 21234.
21300,Civil engineers,1,2131,Civil engineers,A,N/A
21301,Mechanical engineers,1,2132,Mechanical engineers,A,N/A
21310,Electrical and electronics engineers,1,2133,Electrical and electronics engineers,A,N/A
21311,Computer engineers (except software engineers and designers),1,2147,Computer engineers (except software engineers and designers),A,N/A
21320,Chemical engineers,1,2134,Chemical engineers,A,N/A
21321,Industrial and manufacturing engineers,1,2141,Industrial and manufacturing engineers,A,N/A
21322,Metallurgical and materials engineers,1,2142,Metallurgical and materials engineers,A,N/A
21330,Mining engineers,1,2143,Mining engineers,A,N/A
21331,Geological engineers,1,2144,Geological engineers,A,N/A
21332,Petroleum engineers,1,2145,Petroleum engineers,A,N/A
21390,Aerospace engineers,1,2146,Aerospace engineers,A,N/A
21399,Other professional engineers,1,2148,"Other professional engineers, nec",A,N/A
22100,Chemical technologists and technicians,2,2211,Chemical technologists and technicians,B,N/A
22101,Geological and mineral technologists and technicians,2,2212,Geological and mineral technologists and technicians,B,N/A
22110,Biological technologists and technicians,2,2221,Biological technologists and technicians,B,N/A
22111,Agricultural and fish products inspectors,2,2222,Agricultural and fish products inspectors,B,N/A
22112,Forestry technologists and technicians,2,2223,Forestry technologists and technicians,B,N/A
22113,Conservation and fishery officers,2,2224,Conservation and fishery officers,B,N/A
22114,Landscape and horticulture technicians and specialists,2,2225,Landscape and horticulture technicians and specialists,B,N/A
22210,Architectural technologists and technicians,2,2251,Architectural technologists and technicians,B,N/A
22211,Industrial designers,2,2252,Industrial designers,B,N/A
22212,Drafting technologists and technicians,2,2253,Drafting technologists and technicians,B,N/A
22213,Land survey technologists and technicians,2,2254,Land survey technologists and technicians,B,N/A
22214,Technical occupations in geomatics and meteorology,2,2255,Technical occupations in geomatics and meteorology,B,N/A
22220,Computer network and web technicians,2,2281,Computer network technicians,B,N/A
22221,User support technicians,2,2282,User support technicians,B,N/A
22222,Information systems testing technicians,2,2283,Information systems testing technicians,B,N/A
22230,Non-destructive testers and inspectors,2,2261,Non-destructive testers and inspection technicians,B,N/A
22231,Engineering inspectors and regulatory officers,2,2262,Engineering inspectors and regulatory officers,B,N/A
22232,Occupational health and safety specialists,2,2263,Inspectors in public and environmental health and occupational health and safety,B,NOC 2263 was split. Job titles related to occupational health and safety moved from NOC 2263 to NOC 22232.
,,,112,Human resources managers,Management / A,NOC 0112 was split. Job titles related to occupational health and safety specialists moved from NOC 0112 to NOC 22232.
22233,Construction inspectors,2,2264,Construction inspectors,B,N/A
22300,Civil engineering technologists and technicians,2,2231,Civil engineering technologists and technicians,B,N/A
22301,Mechanical engineering technologists and technicians,2,2232,Mechanical engineering technologists and technicians,B,N/A
22302,Industrial engineering and manufacturing technologists and technicians,2,2233,Industrial engineering and manufacturing technologists and technicians,B,N/A
22303,Construction estimators,2,2234,Construction estimators,B,N/A
22310,Electrical and electronics engineering technologists and technicians,2,2241,Electrical and electronics engineering technologists and technicians,B,N/A
22311,Electronic service technicians (household and business equipment),2,2242,Electronic service technicians (household and business equipment),B,Job titles related to electronic service technicians (household and business equipment) moved from NOC 2242 to NOC 22311.
,,,7445,Other repairers and servicers,,"NOC 7445 was split. Job title ""security systems technician"" moved from NOC 7445 to NOC 22311."
22312,Industrial instrument technicians and mechanics,2,2243,Industrial instrument technicians and mechanics,B,N/A
22313,"Aircraft instrument, electrical and avionics mechanics, technicians and inspectors",2,2244,"Aircraft instrument, electrical and avionics mechanics, technicians and inspectors",B,N/A
30010,Managers in health care,0,311,Managers in health care,Management / A,N/A
31100,Specialists in clinical and laboratory medicine,1,3111,Specialist physicians,A,NOC 3111 was split. Job titles related to specialists in clinical and laboratory medicine moved from NOC 3111 to NOC 31100.
31101,Specialists in surgery,1,3111,Specialist physicians,A,NOC 3111 was split. Job titles related to surgery specialists moved from NOC 3111 to NOC 31101.
31102,General practitioners and family physicians,1,3112,General practitioners and family physicians,A,N/A
31103,Veterinarians,1,3114,Veterinarians,A,N/A
31110,Dentists,1,3113,Dentists,A,N/A
31111,Optometrists,1,3121,Optometrists,A,N/A
31112,Audiologists and speech-language pathologists,1,3141,Audiologists and speech-language pathologists,A,N/A
31120,Pharmacists,1,3131,Pharmacists,A,N/A
31121,Dietitians and nutritionists,1,3132,Dietitians and nutritionists,A,N/A
31200,Psychologists,1,4151,Psychologists,A,NOC 4151 was split. Job titles related to psychologists moved from NOC 4151 to NOC 31200. Occupation was moved to the Health sector BOC 3.
31201,Chiropractors,1,3122,Chiropractors,A,N/A
31202,Physiotherapists,1,3142,Physiotherapists,A,NOC 3142 was split. Job titles related to physiotherapy was moved from NOC 3142 to NOC 31202.
31203,Occupational therapists,1,3143,Occupational therapists,A,N/A
31204,Kinesiologists and other professional occupations in therapy and assessment,1,3144,Other professional occupations in therapy and assessment,A,NOC 3144 was split. Job titles related to kinesiologist and other professional therapy and assessment moved from NOC 3144 to NOC 31204.
31209,Other professional occupations in health diagnosing and treating,1,3125,Other professional occupations in health diagnosing and treating,A,NOC 3125 was split. Job titles related to professional occupations in health diagnosing and treating was moved from NOC 3125 to NOC 31209.
31300,Nursing coordinators and supervisors,1,3011,Nursing co-ordinators and supervisors,A,N/A
31301,Registered nurses and registered psychiatric nurses,1,3012,Registered nurses and registered psychiatric nurses,A,N/A
31302,Nurse practitioners,1,3124,Allied primary health practitioners,A,NOC 3124 was split. Job titles related to nurse practitioner moved from NOC 3124 to new NOC 31302.
31303,"Physician assistants, midwives and allied health professionals",1,3124,Allied primary health practitioners,A,"NOC 3124 was split. Job titles related to physician assistants, midwives and allied health professionals moved from NOC 3124 to NOC 31303."
,,,3125,Other professional occupations in health diagnosing and treating,A,NOC 3125 was split. Job titles related to Orthoptist moved from NOC 3125 to NOC 31303.
,,,3212,Medical laboratory technicians and pathologists' assistants,B,NOC 3212 was split. Job titles related to pathologist assistant moved from NOC 3212 to NOC 31303.
,,,4153,"Family, marriage and other related counsellors",A,"NOC 4153 was split. Job title ""Genetic counsellor"" moved from NOC 4153 to NOC 31303."
32100,Opticians,2,3231,Opticians,B,N/A
32101,Licensed practical nurses,2,3233,Licensed practical nurses,B,N/A
32102,Paramedical occupations,2,3234,Paramedical occupations,B,N/A
32103,"Respiratory therapists, clinical perfusionists and cardiopulmonary technologists",2,3124,Allied primary health practitioners,A,"NOC 3124 was split. Job title ""anesthesia assistant"" moved from NOC 3124 to NOC 32103."
,,,3214,"Respiratory therapists, clinical perfusionists and cardiopulmonary technologists",B,"Job titles related to respiratory therapists, clinical perfusionists and cardiopulmonary technologists moved from NOC 3214 to NOC 32103."
32104,Animal health technologists and veterinary technicians,2,3213,Animal health technologists and veterinary technicians,B,N/A
32109,Other technical occupations in therapy and assessment,2,3142,Physiotherapists,A,"NOC 3142 was split. Job title ""Physical rehabilitation therapist"" moved from NOC 3142 to NOC 32109."
,,,3237,Other technical occupations in therapy and assessment,B,NOC 3237 was split. Job titles related to other technical occupations in therapy and assessment moved from NOC 3237 to NOC 32109.
,,,3414,Other assisting occupations in support of health services,C,NOC 3414 was split. Job titles related to rehabilitation and therapy assistants moved from NOC 3414 to NOC 32109.
32110,Denturists,2,3221,Denturists,B,N/A
32111,Dental hygienists and dental therapists,2,3222,Dental hygienists and dental therapists,B,N/A
32112,Dental technologists and technicians,2,3223,"Dental technologists, technicians and laboratory assistants",B,NOC 3223 was split. Job titles related to dental technologist and technicians moved from NOC 3223 to NOC 32112.
32120,Medical laboratory technologists,2,3211,Medical laboratory technologists,B,Job titles related to medical laboratory technologists moved from NOC 3211 to NOC 32120.
,,,3212,Medical laboratory technicians and pathologists' assistants,B,"NOC 3212 was split. Job title ""combined laboratory and x-ray technician"" moved from NOC 3212 to NOC 32120."
32121,Medical radiation technologists,2,3215,Medical radiation technologists,B,N/A
32122,Medical sonographers,2,3216,Medical sonographers,B,N/A
32123,Cardiology technologists and electrophysiological diagnostic technologists,2,3217,"Cardiology technologists and electrophysiological diagnostic technologists, nec",B,N/A
32124,Pharmacy technicians,2,3219,Other medical technologists and technicians,B,NOC 3219 was split. Job titles related to pharmacy technician moved from NOC 3219 to NOC 32124.
32129,Other medical technologists and technicians,2,3219,Other medical technologists and technicians,B,NOC 3219 was split. Job titles related to other medical technologist and technicians moved from NOC 3219 to NOC 32129.
32200,Traditional Chinese medicine practitioners and acupuncturists,2,3232,Practitioners of natural healing,B,NOC 3232 was split. Job titles related to traditional chinese medicine practitioner and acupuncturist moved from NOC 3232 to NOC 32200.
32201,Massage therapists,2,3236,Massage therapists,B,N/A
32209,Other practitioners of natural healing,2,3232,Other practitioners of natural healing,B,NOC 3232 was split. Job titles related other practitioners of natural healing moved from NOC 3232 to NOC 32209.
33100,Dental assistants and dental laboratory assistants,3,3223,"Dental technologists, technicians and laboratory assistants",B,NOC 3223 was split. Job titles related to dental assistant and dental laboratory assistant moved from NOC 3223 to NOC 33100.
,,,3411,Dental assistants,C,Job titles related to dental assistants moved from NOC 3411 to NOC 33100.
33101,Medical laboratory assistants and related technical occupations,3,3212,Medical laboratory technicians and pathologists' assistants,B,NOC 3212 was split. Job titles related to medical laboratory assistants and related technical occupations was moved from NOC 3212 to NOC 33101.
33102,"Nurse aides, orderlies and patient service associates",3,3413,"Nurse aides, orderlies and patient service associates",C,N/A
33103,Pharmacy technical assistants and pharmacy assistants,3,3219,Other medical technologists and technicians,B,NOC 3219 was split. Job titles related to pharmacy technical assistant moved from NOC 3219 to NOC 33103.
,,,3414,Other assisting occupations in support of health services,C,NOC 3414 was split. Job titles related to pharmacy aides and assistants moved from NOC 3414 to NOC 33103.
33109,Other assisting occupations in support of health services,3,3237,Other technical occupations in therapy and assessment,B,NOC 3237 was split. Job titles related to ophthalmic assistant and audiometric technician moved from NOC 3237 to NOC 33109.
,,,3414,Other assisting occupations in support of health services,C,NOC 3414 was split. Job titles related to other assisting occupations in support of health services moved from NOC 3414 to NOC 33109.
40010,Government managers - health and social policy development and program administration,0,411,Government managers - health and social policy development and program administration,Management / A,N/A
40011,"Government managers - economic analysis, policy development and program administration",0,412,"Government managers - economic analysis, policy development and program administration",Management / A,N/A
40012,Government managers - education policy development and program administration,0,413,Government managers - education policy development and program administration,Management / A,N/A
40019,Other managers in public administration,0,414,Other managers in public administration,Management / A,N/A
40020,Administrators - post-secondary education and vocational training,0,421,Administrators - post-secondary education and vocational training,Management / A,N/A
40021,School principals and administrators of elementary and secondary education,0,422,School principals and administrators of elementary and secondary education,Management / A,N/A
40030,"Managers in social, community and correctional services",0,423,"Managers in social, community and correctional services",Management / A,N/A
40040,Commissioned police officers and related occupations in public protection services,0,431,Commissioned police officers,Management / A,NOC 0431 was split. Job titles related to commissioned police officers and related occupations in public protection services moved from NOC 0431 to NOC 40040.
,,,433,Commissioned officers of the Canadian Armed Forces,Management / A,"NOC 0433 was split. Job title ""Military police officer – commissioned"" moved from 0433 to NOC 40040."
40041,Fire chiefs and senior firefighting officers,0,432,Fire chiefs and senior firefighting officers,Management / A,N/A
40042,Commissioned officers of the Canadian Armed Forces,0,433,Commissioned officers of the Canadian Armed Forces,Management / A,NOC 0433 was split. Job titles related to commissioned officers of the Canadian Armed Forces moved from NOC 0433 to NOC 40042.
41100,Judges,1,4111,Judges,A,N/A
41101,Lawyers and Quebec notaries,1,4112,Lawyers and Quebec notaries,A,N/A
41200,University professors and lecturers,1,4011,University professors and lecturers,A,N/A
41201,Post-secondary teaching and research assistants,1,4012,Post-secondary teaching and research assistants,A,N/A
41210,College and other vocational instructors,1,4021,College and other vocational instructors,A,N/A
41220,Secondary school teachers,1,4031,Secondary school teachers,A,N/A
41221,Elementary school and kindergarten teachers,1,4032,Elementary school and kindergarten teachers,A,N/A
41300,Social workers,1,4152,Social workers,A,N/A
41301,Therapists in counselling and related specialized therapies,1,4151,Psychologists,A,NOC 4151 was split. Job titles related to psychotherapy moved from NOC 4151 to NOC 41301.
,,,3144,Other professional occupations in therapy and assessment,A,NOC 3144 was split. Job titles related to art therapy moved from NOC 3144 to NOC 41301.
,,,4153,"Family, marriage and other related counsellors",A,NOC 4153 was split. Job titles related to therapists in counselling and related specialized therapies moved from NOC 4153 to NOC 41301.
41302,Religious leaders,1,4154,Professional occupations in religion,A,N/A
41310,Police investigators and other investigative occupations,1,431,Commissioned police officers,Management / A,NOC 0431 was split. Job titles related to police investigator moved from NOC 0431 to NOC 41310
,,,4311,Police officers (except commissioned),B,NOC 4311 was split. Job titles related to police investigator moved from NOC 4311 to NOC 41310.
,,,4165,"Health policy researchers, consultants and program officers",A,"NOC 4165 was split. Job title ""coroner"" moved from NOC 4165 to NOC 41310."
41311,Probation and parole officers,1,4155,Probation and parole officers and related occupations,A,NOC 4155 was split. Job titles related to probation and parole officers moved from NOC 4155 to NOC 41311
41320,Educational counsellors,1,4033,Educational counsellors,A,N/A
41321,Career development practitioners and career counsellors (except education),1,4153,"Family, marriage and other related counsellors",A,"NOC 4153 was split. Job title ""vocational counsellors"" moved from NOC 4153 to NOC 41321."
,,,4156,Employment counsellors,A,Job titles related to employment counsellors moved from NOC 4156 to NOC 41321.
41400,"Natural and applied science policy researchers, consultants and program officers",1,4161,"Natural and applied science policy researchers, consultants and program officers",A,N/A
41401,Economists and economic policy researchers and analysts,1,4162,Economists and economic policy researchers and analysts,A,N/A
41402,Business development officers and market researchers and analysts,1,4163,Business development officers and marketing researchers and consultants,A,NOC 4163 was split. Job titles related to business development officers and market researchers and analyst moved from NOC 4163 to NOC 41402.
41403,"Social policy researchers, consultants and program officers",1,4164,"Social policy researchers, consultants and program officers",A,N/A
41404,"Health policy researchers, consultants and program officers",1,4165,"Health policy researchers, consultants and program officers",A,"NOC 4165 was split. Job titles related to health policy researchers, consultants and program officers moved from NOC 4165 to NOC 41404."
41405,"Education policy researchers, consultants and program officers",1,4166,"Education policy researchers, consultants and program officers",A,N/A
41406,"Recreation, sports and fitness policy researchers, consultants and program officers",1,4167,"Recreation, sports and fitness policy researchers, consultants and program officers",A,N/A
41407,Program officers unique to government,1,4168,Program officers unique to government,A,N/A
41409,Other professional occupations in social science,1,4169,"Other professional occupations in social science, nec",A,N/A
42100,Police officers (except commissioned),2,4311,Police officers (except commissioned),B,NOC 4311 was split. Job titles related to police officers (except commissioned) moved from NOC 4311 to NOC 42100.
,,,4313,Non-commissioned ranks of the Canadian Armed Forces,B,"NOC 4313 was split. Job title ""Military policeman / woman - except commissioned"" moved from 4313 to NOC 42100."
42101,Firefighters,2,4312,Firefighters,B,N/A
42102,Specialized members of the Canadian Armed Forces,2,4313,Non-commissioned ranks of the Canadian Armed Forces,B,NOC 4313 was split. Job titles for military occupations requiring college education or apprenticeship or 2 years or more moved from NOC 4313 to NOC 42102.
42200,Paralegal and related occupations,2,4211,Paralegal and related occupations,B,Job titles related to paralegal and related occupations moved from NOC 4211 to NOC 42200.
,,,1227,Court officers and justices of the peace,B,NOC 1227 was spilt. Job titles related to justices of the peace moved from NOC 1227 to NOC 42200.
42201,Social and community service workers,2,4212,Social and community service workers,B,Job titles related to social and community service workers moved from NOC 4212 to NOC 42201.
,,,4155,Probation and parole officers and related occupations,A,NOC 4155 was split. Job titles related to correctional case worker and manager moved from NOC 4155 to NOC 42201.
42202,Early childhood educators and assistants,2,4214,Early childhood educators and assistants,B,N/A
42203,Instructors of persons with disabilities,2,4215,Instructors of persons with disabilities,B,N/A
42204,Religion workers,2,4217,Other religious occupations,B,N/A
43100,Elementary and secondary school teacher assistants,3,4413,Elementary and secondary school teacher assistants,C,NOC 4413 was split. Job titles related to elementary and secondary school teacher assistants moved from NOC 4413 to NOC 43100.
43109,Other instructors,3,4216,Other instructors,B,N/A
43200,Sheriffs and bailiffs,3,4421,Sheriffs and bailiffs,C,N/A
43201,Correctional service officers,3,4422,Correctional service officers,C,N/A
43202,By-law enforcement and other regulatory officers,3,4423,"By-law enforcement and other regulatory officers, nec",C,N/A
43203,"Border services, customs, and immigration officers",3,1228,"Employment insurance, immigration, border services and revenue officers",B,"NOC 1228 was split. Job titles related to immigration and border service moved from NOC 1228 to NOC 43203. Occupation was moved to the social sector, BOC 4 (Occupations in education, law and social, community and government services)."
43204,Operations Members of the Canadian Armed Forces,3,4313,Non-commissioned ranks of the Canadian Armed Forces,B,NOC 4313 was split. Job titles for military occupations requiring a college certificate or apprenticeship of less than 2 years moved from NOC 4313 to NOC 43204.
44100,Home child care providers,4,4411,Home child care providers,C,N/A
44101,"Home support workers, caregivers and related occupations",4,4412,"Home support workers, housekeepers and related occupations",C,"NOC 4412 was split. Job titles related to home support workers, caregivers and related occupations moved from NOC 4412 to NOC 44101."
44200,Primary combat members of the Canadian Armed Forces,4,4313,Non-commissioned ranks of the Canadian Armed Forces,B,NOC 4313 was split. Job titles for military occupations NOT requiring college education or apprenticeship moved from NOC 4313 to NOC 44200.
45100,"Student monitors, crossing guards and related occupations",5,4413,Elementary and secondary school teacher assistants,C,NOC 4413 was split. Job titles related to student monitors moved from NOC 4413 to NOC 45100.
,,,6541,Security guards and related security service occupations,C,"NOC 6541 was split. Job titles ""School crossing guard"", and ""crossing guard"" moved from NOC 6541 to NOC 45100."
50010,"Library, archive, museum and art gallery managers",0,511,"Library, archive, museum and art gallery managers",Management / A,N/A
50011,"Managers - publishing, motion pictures, broadcasting and performing arts",0,512,"Managers - publishing, motion pictures, broadcasting and performing arts",Management / A,N/A
50012,"Recreation, sports and fitness program and service directors",0,513,"Recreation, sports and fitness program and service directors",Management / A,N/A
51100,Librarians,1,5111,Librarians,A,N/A
51101,Conservators and curators,1,5112,Conservators and curators,A,N/A
51102,Archivists,1,5113,Archivists,A,N/A
51110,Editors,1,5122,Editors,A,N/A
51111,Authors and writers (except technical),1,5121,Authors and writers,A,NOC 5121 was split. Job titles related to authors and writers moved from NOC 5121 to NOC 51111.
51112,Technical writers,1,5121,Authors and writers,A,NOC 5121 was split. Job titles related to technical writer moved from NOC 5121 to NOC 51112.
51113,Journalists,1,5123,Journalists,A,N/A
51114,"Translators, terminologists and interpreters",1,5125,"Translators, terminologists and interpreters",A,N/A
51120,"Producers, directors, choreographers and related occupations",1,5131,"Producers, directors, choreographers and related occupations",A,N/A
51121,"Conductors, composers and arrangers",1,5132,"Conductors, composers and arrangers",A,N/A
51122,Musicians and singers,1,5133,Musicians and singers,A,N/A
52100,Library and public archive technicians,2,5211,Library and public archive technicians,B,N/A
52110,Film and video camera operators,2,5222,Film and video camera operators,B,N/A
52111,Graphic arts technicians,2,5223,Graphic arts technicians,B,N/A
52112,Broadcast technicians,2,5224,Broadcast technicians,B,N/A
52113,Audio and video recording technicians,2,5225,Audio and video recording technicians,B,N/A
52114,Announcers and other broadcasters,2,5231,Announcers and other broadcasters,B,N/A
52119,"Other technical and coordinating occupations in motion pictures, broadcasting and the performing arts",2,5226,"Other technical and co-ordinating occupations in motion pictures, broadcasting and the performing arts",B,N/A
52120,Graphic designers and illustrators,2,5241,Graphic designers and illustrators,B,N/A
52121,Interior designers and interior decorators,2,5242,Interior designers and interior decorators,B,N/A
53100,"Registrars, restorers, interpreters and other occupations related to museum and art galleries",3,5212,Technical occupations related to museums and art galleries,B,N/A
53110,Photographers,3,5221,Photographers,B,N/A
53111,"Motion pictures, broadcasting, photography and performing arts assistants and operators",3,5227,"Support occupations in motion pictures, broadcasting, photography and the performing arts",B,N/A
53120,Dancers,3,5134,Dancers,A,N/A
53121,"Actors, comedians and circus performers",3,5135,Actors and comedians,A,Job titles related to actors and comedians moved from NOC 5135 to NOC 53121.
,,,5232,"Other performers, nec",B,NOC 5232 was split. Job titles related to circus performance moved from NOC 5232 to NOC 53121.
53122,"Painters, sculptors and other visual artists",3,5136,"Painters, sculptors and other visual artists",A,N/A
53123,"Theatre, fashion, exhibit and other creative designers",3,5243,"Theatre, fashion, exhibit and other creative designers",B,"NOC 5234 was split. Job titles related to theatre, fashion, exhibit and other creative designers moved from NOC 5234 to NOC 53123."
53124,Artisans and craftspersons,3,5244,Artisans and craftspersons,B,N/A
53125,"Patternmakers - textile, leather and fur products",3,5245,"Patternmakers - textile, leather and fur products",B,N/A
53200,Athletes,3,5251,Athletes,B,N/A
53201,Coaches,3,5252,Coaches,B,N/A
53202,Sports officials and referees,3,5253,Sports officials and referees,B,N/A
54100,"Program leaders and instructors in recreation, sport and fitness",4,5254,"Program leaders and instructors in recreation, sport and fitness",B,N/A
55109,Other performers,5,5232,"Other performers, nec",B,NOC 5232 was split. Job titles related to other performers moved from NOC 5232 to NOC 55109.
60010,Corporate sales managers,0,601,Corporate sales managers,Management / A,N/A
60020,Retail and wholesale trade managers,0,621,Retail and wholesale trade managers,Management / A,N/A
60030,Restaurant and food service managers,0,631,Restaurant and food service managers,Management / A,N/A
60031,Accommodation service managers,0,632,Accommodation service managers,Management / A,N/A
60040,Managers in customer and personal services,0,651,"Managers in customer and personal services, nec",Management / A,N/A
62010,Retail sales supervisors,2,5243,"Theatre, fashion, exhibit and other creative designers",B,"NOC 5234 was split. Job titles ""display designer supervisor"" and ""display design supervisor"" moved from NOC 5243 to NOC 62010."
,,,6211,Retail sales supervisors,B,Job titles related to retail sales supervisors moved from NOC 6211 to NOC 62010.
62020,Food service supervisors,2,6311,Food service supervisors,B,N/A
62021,Executive housekeepers,2,6312,Executive housekeepers,B,N/A
62022,"Accommodation, travel, tourism and related services supervisors",2,6313,"Accommodation, travel, tourism and related services supervisors",B,N/A
62023,Customer and information services supervisors,2,6314,Customer and information services supervisors,B,N/A
62024,Cleaning supervisors,2,6315,Cleaning supervisors,B,N/A
62029,Other services supervisors,2,6316,Other services supervisors,B,NOC 6316 was split. Job titles related to other services supervisors moved from NOC 6316 to NOC 62029.
62100,Technical sales specialists - wholesale trade,2,6221,Technical sales specialists - wholesale trade,B,NOC 6221 was split. Job titles related to technical sales specialists in wholesale trade moved from NOC 6221 to NOC 62100.
,,,6411,Sales and account representatives - wholesale trade (non-technical),C,"NOC 6411 was split. Job titles ""grain merchandiser"" and ""livestock sales representative – wholesale"" moved from NOC 6411 to NOC 62100."
62101,Retail and wholesale buyers,2,6222,Retail and wholesale buyers,B,N/A
62200,Chefs,2,6321,Chefs,B,N/A
62201,Funeral directors and embalmers,2,6346,Funeral directors and embalmers,B,N/A
62202,"Jewellers, jewellery and watch repairers and related occupations",2,6344,"Jewellers, jewellery and watch repairers and related occupations",B,N/A
63100,Insurance agents and brokers,3,6231,Insurance agents and brokers,B,N/A
63101,Real estate agents and salespersons,3,6232,Real estate agents and salespersons,B,N/A
63102,Financial sales representatives,3,6235,Financial sales representatives,B,N/A
63200,Cooks,3,6322,Cooks,B,N/A
63201,Butchers - retail and wholesale,3,6331,"Butchers, meat cutters and fishmongers - retail and wholesale",B,NOC 6331 was spilt. Job titles related to butcher moved from NOC 6331 to new NOC 63201
63202,Bakers,3,6332,Bakers,B,N/A
63210,Hairstylists and barbers,3,6341,Hairstylists and barbers,B,N/A
63211,"Estheticians, electrologists and related occupations",3,6562,"Estheticians, electrologists and related occupations",C,N/A
63220,Shoe repairers and shoemakers,3,6343,Shoe repairers and shoemakers,B,N/A
63221,Upholsterers,3,6345,Upholsterers,B,N/A
64100,Retail salespersons and visual merchandisers,4,5243,"Theatre, fashion, exhibit and other creative designers",B,"NOC 5234 was split. Job titles related to display design, styling, and visual merchandising moved from NOC 5243 to NOC 64100."
,,,6421,Retail salespersons,C,Job titles related to retail salespersons moved from NOC 6421 to NOC 64100.
64101,Sales and account representatives - wholesale trade (non-technical),4,6411,Sales and account representatives - wholesale trade (non-technical),C,NOC 6411 was split. Job titles related to sales and account representatives of wholesale trade (non-technical) moved from NOC 6411 to NOC 64101.
64200,"Tailors, dressmakers, furriers and milliners",4,6342,"Tailors, dressmakers, furriers and milliners",B,N/A
64201,"Image, social and other personal consultants",4,6561,"Image, social and other personal consultants",C,N/A
64300,Maîtres d'hôtel and hosts / hostesses,4,6511,Maîtres d'hôtel and hosts / hostesses,C,N/A
64301,Bartenders,4,6512,Bartenders,C,N/A
64310,Travel counsellors,4,6521,Travel counsellors,C,N/A
64311,Pursers and flight attendants,4,6522,Pursers and flight attendants,C,N/A
64312,Airline ticket and service agents,4,6523,Airline ticket and service agents,C,N/A
64313,"Ground and water transport ticket agents, cargo service representatives and related clerks",4,6524,"Ground and water transport ticket agents, cargo service representatives and related clerks",C,N/A
64314,Hotel front desk clerks,4,6525,Hotel front desk clerks,C,N/A
64320,Tour and travel guides,4,6531,Tour and travel guides,C,N/A
64321,Casino workers,4,6533,Casino workers,C,N/A
64322,Outdoor sport and recreational guides,4,6532,Outdoor sport and recreational guides,C,N/A
64400,Customer services representatives - financial institutions,4,6551,Customer services representatives - financial institutions,C,N/A
64401,Postal services representatives,4,1511,"Mail, postal and related workers",C,"NOC 1511 was split. Job titles related to postal clerks and workers moved from NOC 1511 to NOC 64401. Mail clerk and postal worker occupation was moved to services sector, BOC 6 (sales and service occupations)."
64409,Other customer and information services representatives,4,1123,"Professional occupations in advertising, marketing and public relations",A,"NOC 1123 was split. Job titles ""tourism information officer"" and ""tourism information technician"" moved from NOC 1123 to NOC 64409."
,,,6552,Other customer and information services representatives,C,Job titles related to other customer and information services representatives moved from NOC 6552 to NOC 64409.
64410,Security guards and related security service occupations,4,6541,Security guards and related security service occupations,C,NOC 6541 was split. Job titles related to security service occupations moved from NOC 6541 to NOC 64410.
65100,Cashiers,5,6611,Cashiers,D,N/A
65101,Service station attendants,5,6621,Service station attendants,D,N/A
65102,"Store shelf stockers, clerks and order fillers",5,6622,"Store shelf stockers, clerks and order fillers",D,N/A
65109,Other sales related occupations,5,6623,Other sales related occupations,D,N/A
65200,Food and beverage servers,5,6513,Food and beverage servers,C,N/A
65201,"Food counter attendants, kitchen helpers and related support occupations",5,6711,"Food counter attendants, kitchen helpers and related support occupations",D,N/A
65202,Meat cutters and fishmongers - retail and wholesale,5,6331,"Butchers, meat cutters and fishmongers - retail and wholesale",B,NOC 6331 was split. Job titles related to meat cutters and fishmongers moved from NOC 6331 to NOC 65202.
65210,"Support occupations in accommodation, travel and facilities set-up services",5,6721,"Support occupations in accommodation, travel and facilities set-up services",D,N/A
65211,"Operators and attendants in amusement, recreation and sport",5,6316,Other services supervisors,B,"NOC 6316 was split. Job titles ""Park supervisor"", ""Rink supervisor"", and ""Campground supervisor"" moved from NOC 6316 to NOC 65211."
,,,6722,"Operators and attendants in amusement, recreation and sport",D,"Job titles related to operators and attendants in amusement, recreation and sport moved from NOC 6722 to NOC 65211."
65220,Pet groomers and animal care workers,5,6563,Pet groomers and animal care workers,C,N/A
65229,Other support occupations in personal services,5,6564,Other personal service occupations,C,N/A
65310,Light duty cleaners,5,6731,Light duty cleaners,D,Job titles related to light duty cleaners moved from NOC 6731 to NOC 65310.
,,,4412,"Home support workers, housekeepers and related occupations",C,"NOC 4412 was split. Job titles ""Housekeepers"" and ""Domestic housekeepers"" moved from NOC 4412 to NOC 65310."
65311,Specialized cleaners,5,6732,Specialized cleaners,D,N/A
65312,"Janitors, caretakers and heavy-duty cleaners",5,6733,"Janitors, caretakers and building superintendents",D,"NOC 6733 was split. Job titles related to janitors, caretakers and heavy-duty cleaners moved from NOC 6733 to NOC 65312."
65320,"Dry cleaning, laundry and related occupations",5,6741,"Dry cleaning, laundry and related occupations",D,N/A
65329,Other service support occupations,5,6541,Security guards and related security service occupations,C,"NOC 6541 was split. Job title ""mystery shopper"" moved from NOC 6541 to NOC 65329."
,,,6742,"Other service support occupations, nec",D,Job titles related to other service support occupations moved from NOC 6742 to NOC 65329.
70010,Construction managers,0,711,Construction managers,Management / A,N/A
70011,Home building and renovation managers,0,712,Home building and renovation managers,Management / A,N/A
70012,Facility operation and maintenance managers,0,714,Facility operation and maintenance managers,Management / A,Job titles related to facility operation and maintenance managers moved from NOC 0714 to NOC 70012.
,,,6221,Technical sales specialists - wholesale trade,B,"NOC 6221 was split. Job titles ""Grain elevator district manager"", ""grain elevator manager"", and ""assistant grain elevator manager"" moved from NOC 6221 to NOC 70012."
70020,Managers in transportation,0,731,Managers in transportation,Management / A,N/A
70021,Postal and courier services managers,0,132,Postal and courier services managers,Management / A,"NOC 0132 moved to the transport sector, BOC 7 (Trades, transport and equipment operators and related occupations)."
72010,"Contractors and supervisors, machining, metal forming, shaping and erecting trades and related occupations",2,7201,"Contractors and supervisors, machining, metal forming, shaping and erecting trades and related occupations",B,N/A
72011,"Contractors and supervisors, electrical trades and telecommunications occupations",2,7202,"Contractors and supervisors, electrical trades and telecommunications occupations",B,N/A
72012,"Contractors and supervisors, pipefitting trades",2,7203,"Contractors and supervisors, pipefitting trades",B,N/A
72013,"Contractors and supervisors, carpentry trades",2,7204,"Contractors and supervisors, carpentry trades",B,N/A
72014,"Contractors and supervisors, other construction trades, installers, repairers and servicers",2,7205,"Contractors and supervisors, other construction trades, installers, repairers and servicers",B,N/A
72020,"Contractors and supervisors, mechanic trades",2,7301,"Contractors and supervisors, mechanic trades",B,N/A
72021,"Contractors and supervisors, heavy equipment operator crews",2,7302,"Contractors and supervisors, heavy equipment operator crews",B,N/A
72022,"Supervisors, printing and related occupations",2,7303,"Supervisors, printing and related occupations",B,N/A
72023,"Supervisors, railway transport operations",2,7304,"Supervisors, railway transport operations",B,N/A
72024,"Supervisors, motor transport and other ground transit operators",2,7305,"Supervisors, motor transport and other ground transit operators",B,N/A
72025,"Supervisors, mail and message distribution occupations",2,1214,"Supervisors, mail and message distribution occupations",B,"NOC 1214 moved to the transport sector, BOC 7 (Trades, transport and equipment operators and related occupations)."
72100,Machinists and machining and tooling inspectors,2,7231,Machinists and machining and tooling inspectors,B,N/A
72101,Tool and die makers,2,7232,Tool and die makers,B,N/A
72102,Sheet metal workers,2,7233,Sheet metal workers,B,N/A
72103,Boilermakers,2,7234,Boilermakers,B,N/A
72104,Structural metal and platework fabricators and fitters,2,7235,Structural metal and platework fabricators and fitters,B,N/A
72105,Ironworkers,2,7236,Ironworkers,B,N/A
72106,Welders and related machine operators,2,7237,Welders and related machine operators,B,N/A
72200,Electricians (except industrial and power system),2,7241,Electricians (except industrial and power system),B,N/A
72201,Industrial electricians,2,7242,Industrial electricians,B,N/A
72202,Power system electricians,2,7243,Power system electricians,B,N/A
72203,Electrical power line and cable workers,2,7244,Electrical power line and cable workers,B,N/A
72204,Telecommunications line and cable installers and repairers,2,7245,Telecommunications line and cable workers,B,Job titles related to telecommunication line and cable workers moved from NOC 7245 to NOC 72204.
,,,7247,Cable television service and maintenance technicians,B,NOC 7247 was split. Job titles related to cable television maintenance technician moved from NOC 7247 to NOC 72204.
72205,Telecommunications equipment installation and cable television service technicians,2,7246,Telecommunications installation and repair workers,B,Job titles related to telecommunication installation and repair workers moved from NOC 7246 to NOC 72205.
,,,7247,Cable television service and maintenance technicians,B,NOC 7247 was split. Job titles related to distribution systems and cable television service technicians moved from NOC 7247 to NOC 72205.
72300,Plumbers,2,7251,Plumbers,B,N/A
72301,"Steamfitters, pipefitters and sprinkler system installers",2,7252,"Steamfitters, pipefitters and sprinkler system installers",B,N/A
72302,Gas fitters,2,7253,Gas fitters,B,N/A
72310,Carpenters,2,7271,Carpenters,B,N/A
72311,Cabinetmakers,2,7272,Cabinetmakers,B,N/A
72320,Bricklayers,2,7281,Bricklayers,B,N/A
72321,Insulators,2,7293,Insulators,B,N/A
72400,Construction millwrights and industrial mechanics,2,7311,Construction millwrights and industrial mechanics,B,N/A
72401,Heavy-duty equipment mechanics,2,7312,Heavy-duty equipment mechanics,B,N/A
72402,"Heating, refrigeration and air conditioning mechanics",2,7313,"Heating, refrigeration and air conditioning mechanics",B,N/A
72403,Railway carmen / women,2,7314,Railway carmen / women,B,N/A
72404,Aircraft mechanics and aircraft inspectors,2,7315,Aircraft mechanics and aircraft inspectors,B,N/A
72405,Machine fitters,2,7316,Machine fitters,B,N/A
72406,Elevator constructors and mechanics,2,7318,Elevator constructors and mechanics,B,N/A
72410,"Automotive service technicians, truck and bus mechanics and mechanical repairers",2,7321,"Automotive service technicians, truck and bus mechanics and mechanical repairers",B,N/A
72411,"Auto body collision, refinishing and glass technicians and damage repair estimators",2,7322,Motor vehicle body repairers,B,N/A
72420,Oil and solid fuel heating mechanics,2,7331,Oil and solid fuel heating mechanics,B,N/A
72421,Appliance servicers and repairers,2,7332,Appliance servicers and repairers,B,N/A
72422,Electrical mechanics,2,7333,Electrical mechanics,B,N/A
72423,"Motorcycle, all-terrain vehicle and other related mechanics",2,7334,"Motorcycle, all-terrain vehicle and other related mechanics",B,"Job titles related to motorcycle, all-terrain vehicle and other related mechanics moved from NOC 7334 to NOC 72423."
,,,7384,"Other trades and related occupations, nec",B,"NOC 7384 was split. Job titles related to recreation and vehicle mechanic, repairer, and service technician moved from NOC 7384 to NOC 72423."
72429,Other small engine and small equipment repairers,2,7335,Other small engine and small equipment repairers,B,N/A
72500,Crane operators,2,7371,Crane operators,B,NOC 7371 was split. Job titles related to crane operators moved from NOC 7371 to NOC 72500.
72501,Water well drillers,2,7373,Water well drillers,B,N/A
72600,"Air pilots, flight engineers and flying instructors",2,2271,"Air pilots, flight engineers and flying instructors",B,"NOC 2271 was moved to the transport sector, BOC 7 (Trades, transport and equipment operators and related occupations)."
,,,8252,Agricultural service contractors and farm supervisors,B,"NOC 8252 was split. Job title ""Aerial crop dusting service contractor"" moved from NOC 8252 to NOC 72600."
72601,Air traffic controllers and related occupations,2,2272,Air traffic controllers and related occupations,B,"NOC 2272 was moved to the transport sector, BOC 7 (Trades, transport and equipment operators and related occupations)."
72602,"Deck officers, water transport",2,2273,"Deck officers, water transport",B,"NOC 2273 was moved to the transport sector, BOC 7 (Trades, transport and equipment operators and related occupations)."
72603,"Engineer officers, water transport",2,2274,"Engineer officers, water transport",B,"NOC 2274 was moved to the transport sector, BOC 7 (Trades, transport and equipment operators and related occupations)."
72604,Railway traffic controllers and marine traffic regulators,2,2275,Railway traffic controllers and marine traffic regulators,B,"NOC 2275 was moved to the transport sector, BOC 7 (Trades, transport and equipment operators and related occupations)."
72999,Other technical trades and related occupations,2,7384,"Other trades and related occupations, nec",B,NOC 7384 was split. Job titles related to other technical trades and related occupations moved from NOC 7384 to NOC 72999.
73100,Concrete finishers,3,7282,Concrete finishers,B,N/A
73101,Tilesetters,3,7283,Tilesetters,B,N/A
73102,"Plasterers, drywall installers and finishers and lathers",3,7284,"Plasterers, drywall installers and finishers and lathers",B,N/A
73110,Roofers and shinglers,3,7291,Roofers and shinglers,B,N/A
73111,Glaziers,3,7292,Glaziers,B,N/A
73112,Painters and decorators (except interior decorators),3,7294,Painters and decorators (except interior decorators),B,N/A
73113,Floor covering installers,3,7295,Floor covering installers,B,N/A
73200,Residential and commercial installers and servicers,3,7441,Residential and commercial installers and servicers,C,N/A
73201,General building maintenance workers and building superintendents,3,6733,"Janitors, caretakers and building superintendents",D,NOC 6733 was split. Job titles related to building superintendent and maintenance work moved from NOC 6733 to NOC 73201.
73202,Pest controllers and fumigators,3,7444,Pest controllers and fumigators,C,N/A
73209,Other repairers and servicers,3,7445,Other repairers and servicers,C,NOC 7445 was split. Job title related to other repairers and servicers moved from NOC 7445 to NOC 73209.
73300,Transport truck drivers,3,7511,Transport truck drivers,C,N/A
73301,"Bus drivers, subway operators and other transit operators",3,7512,"Bus drivers, subway operators and other transit operators",C,N/A
73310,Railway and yard locomotive engineers,3,7361,Railway and yard locomotive engineers,B,N/A
73311,Railway conductors and brakemen / women,3,7362,Railway conductors and brakemen / women,B,N/A
73400,Heavy equipment operators,3,7521,Heavy equipment operators (except crane),C,N/A
73401,Printing press operators,3,7381,Printing press operators,B,N/A
73402,"Drillers and blasters - surface mining, quarrying and construction",3,7372,"Drillers and blasters - surface mining, quarrying and construction",B,N/A
74100,Mail and parcel sorters and related occupations,4,1511,"Mail, postal and related workers",C,"NOC 1511 was split. Job titles related to mail and parcel sorter moved from NOC 1511 to NOC 74100. Mail and parcel sorter occupation was moved to transport sector, BOC 7 (Trades, transport and equipment operators and related occupations)."
74101,Letter carriers,4,1512,Letter carriers,C,"NOC 1512 was moved to the transport sector, BOC 7 (Trades, transport and equipment operators and related occupations)."
74102,Couriers and messengers,4,1513,"Couriers, messengers and door-to-door distributors",C,"NOC 1513 was split. Job titles related to couriers and messengers moved from NOC 1513 to NOC 74102. Courier and messenger occupation was moved to the transport sector, BOC 7 (Trades, transport and equipment operators and related occupations)."
,,,7514,Delivery and courier service drivers,C,NOC 7514 was split. Job titles related to courier service drivers moved from NOC 7514 to NOC 74102.
74200,Railway yard and track maintenance workers,4,7531,Railway yard and track maintenance workers,C,N/A
74201,Water transport deck and engine room crew,4,7532,Water transport deck and engine room crew,C,N/A
74202,Air transport ramp attendants,4,7534,Air transport ramp attendants,C,Job titles related to air transport ramp attendants moved from NOC 7534 to NOC 72404.
,,,1215,"Supervisors, supply chain, tracking and scheduling co-ordination occupations",B,"NOC 1215 was split. Job title ""Ramp services supervisor - airport"" moved from NOC 1215 to NOC 74202."
74203,Automotive and heavy truck and equipment parts installers and servicers,4,7535,Other automotive mechanical installers and servicers,C,N/A
74204,Utility maintenance workers,4,7442,Waterworks and gas maintenance workers,C,Job titles related to waterworks and gas maintenance workers moved from NOC 7442 to NOC 74204.
,,,7522,Public works maintenance equipment operators and related workers,C,NOC 7522 was split. Job titles related to utility and power pole inspection moved from NOC 7522 to NOC 74204.
74205,Public works maintenance equipment operators and related workers,4,7522,Public works maintenance equipment operators and related workers,C,N/A
75100,Longshore workers,5,7451,Longshore workers,C,N/A
75101,Material handlers,5,6221,Technical sales specialists - wholesale trade,B,"NOC 6221 was split. Job title ""grain elevator operator"" moved from NOC 6221 to NOC 75101."
,,,7452,Material handlers,C,Job titles related to material handlers in NOC 7452 to NOC 75101.
75110,Construction trades helpers and labourers,5,7371,Crane operators,B,NOC 7371 was split. Job titles related to rigging moved from NOC 7371 to NOC 75100.
,,,7611,Construction trades helpers and labourers,D,Job titles related to construction trades helpers and labourers moved from NOC 7611 to NOC 75110.
75119,Other trades helpers and labourers,5,7612,Other trades helpers and labourers,D,N/A
75200,Taxi and limousine drivers and chauffeurs,5,7513,Taxi and limousine drivers and chauffeurs,C,N/A
75201,Delivery service drivers and door-to-door distributors,5,7514,Delivery and courier service drivers,C,NOC 7514 was split. Job titles related to delivery service drivers and door-to-door distributors moved from NOC 7514 to NOC 75201.
,,,1513,"Couriers, messengers and door-to-door distributors",C,NOC 1513 was split. Job titles related to door-to-door distributors moved from NOC 1513 to NOC 7514 75201.
75210,Boat and cable ferry operators and related occupations,5,7533,Boat and cable ferry operators and related occupations,C,N/A
75211,Railway and motor transport labourers,5,7622,Railway and motor transport labourers,D,N/A
75212,Public works and maintenance labourers,5,7621,Public works and maintenance labourers,D,N/A
80010,Managers in natural resources production and fishing,0,811,Managers in natural resources production and fishing,Management / A,N/A
80020,Managers in agriculture,0,821,Managers in agriculture,Management / A,N/A
80021,Managers in horticulture,0,822,Managers in horticulture,Management / A,N/A
80022,Managers in aquaculture,0,823,Managers in aquaculture,Management / A,N/A
82010,"Supervisors, logging and forestry",2,8211,"Supervisors, logging and forestry",B,N/A
82020,"Supervisors, mining and quarrying",2,8221,"Supervisors, mining and quarrying",B,N/A
82021,"Contractors and supervisors, oil and gas drilling and services",3,8222,"Contractors and supervisors, oil and gas drilling and services",B,N/A
82030,Agricultural service contractors and farm supervisors,2,8252,"Agricultural service contractors, farm supervisors and specialized livestock workers",B,NOC 8252 was split. Job titles related to agricultural service contractors and farm supervisors moved from NOC 8252 to NOC 82030.
82031,"Contractors and supervisors, landscaping, grounds maintenance and horticulture services",2,8255,"Contractors and supervisors, landscaping, grounds maintenance and horticulture services",B,N/A
83100,Underground production and development miners,3,8231,Underground production and development miners,B,N/A
83101,"Oil and gas well drillers, servicers, testers and related workers",3,8232,"Oil and gas well drillers, servicers, testers and related workers",B,N/A
83110,Logging machinery operators,3,8241,Logging machinery operators,B,N/A
83120,Fishing masters and officers,3,8261,Fishing masters and officers,B,N/A
83121,Fishermen / women,3,8262,Fishermen / women,B,N/A
84100,Underground mine service and support workers,4,8411,Underground mine service and support workers,C,N/A
84101,Oil and gas well drilling and related workers and services operators,4,8412,Oil and gas well drilling and related workers and services operators,C,N/A
84110,Chain saw and skidder operators,4,8421,Chain saw and skidder operators,C,N/A
84111,Silviculture and forestry workers,4,8422,Silviculture and forestry workers,C,N/A
84120,Specialized livestock workers and farm machinery operators,4,8252,"Agricultural service contractors, farm supervisors and specialized livestock workers",B,NOC 8252 was split. Job titles related to specialized livestock work moved from NOC 8252 to NOC 84120.
,,,8431,General farm workers,C,NOC 8431 was split. Job titles related to farm machinery operation moved from NOC 8431 to NOC 84120.
84121,Fishing vessel deckhands,4,8441,Fishing vessel deckhands,C,N/A
85100,Livestock labourers,5,8431,General farm workers,C,NOC 8431 was split. Job titles related to livestock labourer moved from NOC 8431 to NOC 85100.
,,,8252,"Agricultural service contractors, farm supervisors and specialized livestock workers",C,"NOC 8252 was split. Job title ""Feedlot herd attendant"" moved from NOC 8252 to NOC 85100."
85101,Harvesting labourers,5,8431,General farm workers,C,NOC 8431 was split. Job titles related to harvesting labourer moved from NOC 8431 to NOC 85101.
,,,8611,Harvesting labourers,D,Job titles related to harvesting labourers moved from NOC 8611 to NOC 85101.
85102,Aquaculture and marine harvest labourers,5,8613,Aquaculture and marine harvest labourers,D,N/A
85103,Nursery and greenhouse labourers,5,8432,Nursery and greenhouse workers,C,N/A
85104,Trappers and hunters,5,8442,Trappers and hunters,C,N/A
85110,Mine labourers,5,8614,Mine labourers,D,N/A
85111,"Oil and gas drilling, servicing and related labourers",5,8615,"Oil and gas drilling, servicing and related labourers",D,N/A
85120,Logging and forestry labourers,5,8616,Logging and forestry labourers,D,N/A
85121,Landscaping and grounds maintenance labourers,5,8612,Landscaping and grounds maintenance labourers,D,N/A
90010,Manufacturing managers,0,911,Manufacturing managers,Management / A,N/A
90011,Utilities managers,0,912,Utilities managers,Management / A,N/A
92010,"Supervisors, mineral and metal processing",2,9211,"Supervisors, mineral and metal processing",B,N/A
92011,"Supervisors, petroleum, gas and chemical processing and utilities",2,9212,"Supervisors, petroleum, gas and chemical processing and utilities",B,N/A
92012,"Supervisors, food and beverage processing",2,9213,"Supervisors, food and beverage processing",B,N/A
92013,"Supervisors, plastic and rubber products manufacturing",2,9214,"Supervisors, plastic and rubber products manufacturing",B,N/A
92014,"Supervisors, forest products processing",2,9215,"Supervisors, forest products processing",B,N/A
92015,"Supervisors, textile, fabric, fur and leather products processing and manufacturing",2,9217,"Supervisors, textile, fabric, fur and leather products processing and manufacturing",B,N/A
92020,"Supervisors, motor vehicle assembling",2,9221,"Supervisors, motor vehicle assembling",B,N/A
92021,"Supervisors, electronics and electrical products manufacturing",2,9222,"Supervisors, electronics manufacturing",B,NOC 9222 merged with NOC 9223 to create NOC 92021.
,,,9223,"Supervisors, electrical products manufacturing",B,NOC 9223 merged with NOC 9222 to create NOC 92021.
92022,"Supervisors, furniture and fixtures manufacturing",2,9224,"Supervisors, furniture and fixtures manufacturing",B,N/A
92023,"Supervisors, other mechanical and metal products manufacturing",2,9226,"Supervisors, other mechanical and metal products manufacturing",B,N/A
92024,"Supervisors, other products manufacturing and assembly",2,9227,"Supervisors, other products manufacturing and assembly",B,N/A
92100,Power engineers and power systems operators,2,9241,Power engineers and power systems operators,B,N/A
92101,Water and waste treatment plant operators,2,9243,Water and waste treatment plant operators,B,N/A
93100,"Central control and process operators, mineral and metal processing",3,9231,"Central control and process operators, mineral and metal processing",B,N/A
93101,"Central control and process operators, petroleum, gas and chemical processing",3,9232,"Central control and process operators, petroleum, gas and chemical processing",B,N/A
93102,"Pulping, papermaking and coating control operators",3,9235,"Pulping, papermaking and coating control operators",B,N/A
93200,Aircraft assemblers and aircraft assembly inspectors,3,9521,Aircraft assemblers and aircraft assembly inspectors,C,N/A
94100,"Machine operators, mineral and metal processing",4,9411,"Machine operators, mineral and metal processing",C,N/A
94101,Foundry workers,4,9412,Foundry workers,C,N/A
94102,Glass forming and finishing machine operators and glass cutters,4,9413,Glass forming and finishing machine operators and glass cutters,C,N/A
94103,"Concrete, clay and stone forming operators",4,9414,"Concrete, clay and stone forming operators",C,N/A
94104,"Inspectors and testers, mineral and metal processing",4,9415,"Inspectors and testers, mineral and metal processing",C,N/A
94105,Metalworking and forging machine operators,4,9416,Metalworking and forging machine operators,C,N/A
94106,Machining tool operators,4,9417,Machining tool operators,C,N/A
94107,Machine operators of other metal products,4,9418,Other metal products machine operators,C,N/A
94110,Chemical plant machine operators,4,9421,Chemical plant machine operators,C,N/A
94111,Plastics processing machine operators,4,9422,Plastics processing machine operators,C,N/A
94112,Rubber processing machine operators and related workers,4,9423,Rubber processing machine operators and related workers,C,N/A
94120,Sawmill machine operators,4,9431,Sawmill machine operators,C,N/A
94121,"Pulp mill, papermaking and finishing machine operators",4,9432,Pulp mill machine operators,C,NOC 9432 merged with NOC 9433 to create NOC 94121.
,,,9433,Papermaking and finishing machine operators,C,NOC 9433 merged with NOC 9432 to create NOC 94121.
94122,Paper converting machine operators,4,9435,Paper converting machine operators,C,N/A
94123,Lumber graders and other wood processing inspectors and graders,4,9436,Lumber graders and other wood processing inspectors and graders,C,N/A
94124,Woodworking machine operators,4,9437,Woodworking machine operators,C,N/A
94129,Other wood processing machine operators,4,9434,Other wood processing machine operators,C,N/A
94130,"Textile fibre and yarn, hide and pelt processing machine operators and workers",4,9441,"Textile fibre and yarn, hide and pelt processing machine operators and workers",C,N/A
94131,"Weavers, knitters and other fabric making occupations",4,9442,"Weavers, knitters and other fabric making occupations",C,N/A
94132,Industrial sewing machine operators,4,9446,Industrial sewing machine operators,C,N/A
94133,"Inspectors and graders, textile, fabric, fur and leather products manufacturing",4,9447,"Inspectors and graders, textile, fabric, fur and leather products manufacturing",C,N/A
94140,"Process control and machine operators, food and beverage processing",4,9461,"Process control and machine operators, food and beverage processing",C,N/A
94141,"Industrial butchers and meat cutters, poultry preparers and related workers",4,9462,"Industrial butchers and meat cutters, poultry preparers and related workers",C,N/A
94142,Fish and seafood plant workers,4,9463,Fish and seafood plant workers,C,Job titles related to fish and seafood plant workers moved from NOC 9463 to NOC 94142.
,,,9618,Labourers in fish and seafood processing,D,"NOC 9618 was split. Job title ""fish flaker - fish processing"" moved from NOC 9618 to NOC 94142."
94143,"Testers and graders, food and beverage processing",4,9465,"Testers and graders, food and beverage processing",C,N/A
94150,Plateless printing equipment operators,4,9471,Plateless printing equipment operators,C,N/A
94151,"Camera, platemaking and other prepress occupations",4,9472,"Camera, platemaking and other prepress occupations",C,N/A
94152,Binding and finishing machine operators,4,9473,Binding and finishing machine operators,C,N/A
94153,Photographic and film processors,4,9474,Photographic and film processors,C,N/A
94200,"Motor vehicle assemblers, inspectors and testers",4,9522,"Motor vehicle assemblers, inspectors and testers",C,N/A
94201,"Electronics assemblers, fabricators, inspectors and testers",4,9523,"Electronics assemblers, fabricators, inspectors and testers",C,N/A
94202,"Assemblers and inspectors, electrical appliance, apparatus and equipment manufacturing",4,9524,"Assemblers and inspectors, electrical appliance, apparatus and equipment manufacturing",C,N/A
94203,"Assemblers, fabricators and inspectors, industrial electrical motors and transformers",4,9525,"Assemblers, fabricators and inspectors, industrial electrical motors and transformers",C,N/A
94204,Mechanical assemblers and inspectors,4,9526,Mechanical assemblers and inspectors,C,N/A
94205,"Machine operators and inspectors, electrical apparatus manufacturing",4,9527,"Machine operators and inspectors, electrical apparatus manufacturing",C,N/A
94210,"Furniture and fixture assemblers, finishers, refinishers and inspectors",4,9532,Furniture and fixture assemblers and inspectors,C,NOC 9532 merged with NOC 9534 to create NOC 94210.
,,,9534,Furniture finishers and refinishers,C,NOC 9534 merged with NOC 9532 to create NOC 94210.
94211,Assemblers and inspectors of other wood products,4,9533,Other wood products assemblers and inspectors,C,N/A
94212,"Plastic products assemblers, finishers and inspectors",4,9535,"Plastic products assemblers, finishers and inspectors",C,N/A
94213,"Industrial painters, coaters and metal finishing process operators",4,9536,"Industrial painters, coaters and metal finishing process operators",C,N/A
94219,"Other products assemblers, finishers and inspectors",4,9531,Boat assemblers and inspectors,C,NOC 9531 merged with NOC 9537 to create NOC 94219.
,,,9537,"Other products assemblers, finishers and inspectors",C,NOC 9531 merged with NOC 9537 to create NOC 94219.
95100,Labourers in mineral and metal processing,5,9611,Labourers in mineral and metal processing,D,N/A
95101,Labourers in metal fabrication,5,9612,Labourers in metal fabrication,D,N/A
95102,Labourers in chemical products processing and utilities,5,9613,Labourers in chemical products processing and utilities,D,Job titles related to chemical products processing and utilities labourers moved from NOC 9613 to NOC 95102.
,,,9421,Chemical plant machine operators,C,"NOC 9421 was split. Job title ""Ring furnace operator helper"" moved from NOC 9421 to NOC 95102."
95103,"Labourers in wood, pulp and paper processing",5,9614,"Labourers in wood, pulp and paper processing",D,N/A
95104,Labourers in rubber and plastic products manufacturing,5,9615,Labourers in rubber and plastic products manufacturing,D,N/A
95105,Labourers in textile processing and cutting,5,9616,Labourers in textile processing,D,NOC 9445 merged with NOC 9616 to create NOC 95105.
,,,9441,"Textile fibre and yarn, hide and pelt processing machine operators and workers",C,"NOC 9441 was split. Job title ""Cloth-printing machine helper"" moved from NOC 9441 to NOC 95105."
,,,9445,"Fabric, fur and leather cutters",C,NOC 9445 merged with NOC 9616 to create NOC 95105.
95106,Labourers in food and beverage processing,5,9617,Labourers in food and beverage processing,D,N/A
95107,Labourers in fish and seafood processing,5,9618,Labourers in fish and seafood processing,D,NOC 9618 was split. Job titles related to labourers in fish and seafood processing moved from NOC 9618 to NOC 95107.
95109,"Other labourers in processing, manufacturing and utilities",5,9619,"Other labourers in processing, manufacturing and utilities",D,N/A